employee_id,promotion_date,from_level,to_level
2,2022-05-21,Mid,Senior
3,2025-05-25,Senior,Lead
6,2019-11-13,Junior,Mid
6,2020-03-13,Mid,Senior
6,2023-11-07,Senior,Lead
6,2024-03-15,Lead,Manager
7,2019-05-24,Mid,Senior
7,2022-08-02,Senior,Lead
8,2020-08-22,Mid,Senior
9,2021-05-04,Mid,Senior
15,2021-03-16,Junior,Mid
15,2023-05-15,Mid,Senior
15,2024-09-27,Senior,Lead
15,2025-12-16,Lead,Manager
20,2024-11-10,Mid,Senior
24,2022-01-26,Mid,Senior
27,2020-06-04,Senior,Lead
28,2025-04-04,Junior,Mid
33,2021-03-06,Mid,Senior
33,2023-07-17,Senior,Lead
33,2025-11-20,Lead,Manager
34,2023-03-28,Senior,Lead
34,2024-11-01,Lead,Manager
35,2025-05-28,Mid,Senior
36,2017-06-22,Senior,Lead
39,2018-11-21,Senior,Lead
39,2021-07-17,Lead,Manager
39,2023-06-01,Manager,Director
40,2022-01-07,Mid,Senior
40,2024-02-21,Senior,Lead
44,2025-07-24,Junior,Mid
47,2021-07-23,Manager,Director
48,2022-04-24,Mid,Senior
48,2024-03-19,Senior,Lead
49,2025-12-05,Mid,Senior
50,2024-11-01,Senior,Lead
53,2025-11-27,Senior,Lead
54,2023-08-04,Director,VP
56,2022-05-04,Mid,Senior
56,2024-02-15,Senior,Lead
56,2025-11-27,Lead,Manager
60,2018-03-20,Intern,Junior
60,2022-09-08,Junior,Mid
60,2024-01-17,Mid,Senior
60,2025-11-25,Senior,Lead
65,2015-09-06,Mid,Senior
66,2024-08-27,Senior,Lead
68,2024-08-28,Manager,Director
70,2023-09-06,Mid,Senior
70,2024-09-06,Senior,Lead
70,2025-05-25,Lead,Manager
71,2021-11-21,Junior,Mid
71,2025-03-22,Mid,Senior
78,2024-12-08,Senior,Lead
80,2024-05-14,Mid,Senior
81,2024-03-16,Manager,Director
84,2022-11-02,Mid,Senior
84,2025-11-14,Senior,Lead
86,2022-08-25,Mid,Senior
86,2023-08-22,Senior,Lead
88,2016-05-22,Senior,Lead
88,2025-01-09,Lead,Manager
93,2017-10-18,Senior,Lead
93,2019-10-14,Lead,Manager
93,2023-03-25,Manager,Director
93,2024-03-22,Director,VP
97,2019-10-19,Junior,Mid
97,2021-01-03,Mid,Senior
98,2022-08-23,Senior,Lead
99,2024-11-06,Junior,Mid
101,2023-09-21,Junior,Mid
103,2021-06-26,Mid,Senior
103,2023-04-06,Senior,Lead
103,2024-04-16,Lead,Manager
104,2020-11-23,Junior,Mid
105,2024-12-07,Mid,Senior
105,2025-10-12,Senior,Lead
106,2023-07-06,Mid,Senior
107,2021-12-11,Intern,Junior
107,2024-06-24,Junior,Mid
108,2022-03-12,Junior,Mid
109,2020-07-01,Junior,Mid
109,2021-09-02,Mid,Senior
109,2024-06-12,Senior,Lead
111,2021-01-03,Junior,Mid
111,2023-02-12,Mid,Senior
114,2017-12-18,Junior,Mid
116,2019-09-19,Mid,Senior
116,2020-09-24,Senior,Lead
116,2021-02-26,Lead,Manager
116,2023-03-23,Manager,Director
121,2022-05-11,Mid,Senior
122,2024-09-22,Manager,Director
122,2025-04-26,Director,VP
127,2021-10-20,Mid,Senior
127,2022-05-11,Senior,Lead
127,2024-02-02,Lead,Manager
129,2023-03-19,Lead,Manager
131,2019-07-21,Mid,Senior
132,2019-11-19,Intern,Junior
132,2023-07-20,Junior,Mid
132,2025-05-03,Mid,Senior
133,2025-09-18,Senior,Lead
134,2025-01-17,Intern,Junior
135,2025-05-20,Senior,Lead
136,2023-07-17,Junior,Mid
137,2018-04-06,Junior,Mid
137,2021-07-28,Mid,Senior
137,2023-12-23,Senior,Lead
137,2025-08-16,Lead,Manager
143,2023-12-08,Junior,Mid
145,2021-09-04,Mid,Senior
145,2025-09-25,Senior,Lead
146,2024-08-06,Junior,Mid
146,2025-10-03,Mid,Senior
148,2019-02-05,Mid,Senior
148,2022-02-16,Senior,Lead
148,2023-09-04,Lead,Manager
148,2025-08-26,Manager,Director
149,2022-09-18,Junior,Mid
150,2017-08-06,Mid,Senior
150,2020-07-03,Senior,Lead
150,2021-09-19,Lead,Manager
151,2022-06-03,Mid,Senior
151,2023-04-13,Senior,Lead
151,2024-11-06,Lead,Manager
151,2025-03-07,Manager,Director
153,2018-02-28,Mid,Senior
153,2020-12-08,Senior,Lead
153,2022-07-02,Lead,Manager
153,2025-08-16,Manager,Director
155,2025-12-23,Junior,Mid
157,2025-04-08,Junior,Mid
158,2018-04-02,Mid,Senior
158,2022-06-22,Senior,Lead
158,2023-02-26,Lead,Manager
158,2024-12-11,Manager,Director
159,2023-01-28,Mid,Senior
161,2018-04-19,Senior,Lead
161,2019-01-08,Lead,Manager
161,2024-07-08,Manager,Director
164,2023-01-26,Senior,Lead
164,2024-09-10,Lead,Manager
164,2025-02-13,Manager,Director
168,2023-06-01,Mid,Senior
169,2025-11-12,Mid,Senior
170,2020-11-06,Junior,Mid
171,2025-11-20,Mid,Senior
172,2017-01-15,Senior,Lead
172,2021-06-04,Lead,Manager
172,2025-12-19,Manager,Director
174,2019-04-24,Mid,Senior
174,2021-10-22,Senior,Lead
174,2025-07-12,Lead,Manager
175,2024-03-01,Junior,Mid
183,2019-04-03,Junior,Mid
183,2020-05-12,Mid,Senior
183,2024-10-12,Senior,Lead
184,2022-07-24,Junior,Mid
184,2025-10-12,Mid,Senior
187,2021-10-17,Mid,Senior
187,2022-03-09,Senior,Lead
187,2025-06-02,Lead,Manager
190,2020-01-26,Mid,Senior
190,2023-07-01,Senior,Lead
191,2022-03-18,Senior,Lead
191,2023-01-19,Lead,Manager
191,2024-06-10,Manager,Director
192,2023-06-25,Junior,Mid
192,2024-09-09,Mid,Senior
192,2025-09-06,Senior,Lead
193,2024-10-21,Lead,Manager
194,2024-10-14,Senior,Lead
201,2024-07-06,Junior,Mid
203,2017-01-19,Director,VP
206,2020-03-01,Junior,Mid
206,2023-04-06,Mid,Senior
206,2025-11-28,Senior,Lead
207,2023-10-26,Mid,Senior
208,2019-07-16,Junior,Mid
208,2025-04-01,Mid,Senior
211,2023-08-26,Junior,Mid
211,2024-07-19,Mid,Senior
211,2025-03-23,Senior,Lead
215,2019-12-09,Mid,Senior
215,2020-01-28,Senior,Lead
215,2025-07-19,Lead,Manager
224,2019-04-06,Mid,Senior
224,2021-05-08,Senior,Lead
224,2023-08-25,Lead,Manager
225,2023-07-25,Mid,Senior
228,2019-07-26,Mid,Senior
228,2021-12-18,Senior,Lead
228,2025-02-21,Lead,Manager
232,2016-12-22,Mid,Senior
233,2021-12-04,Junior,Mid
233,2023-07-24,Mid,Senior
233,2025-09-05,Senior,Lead
236,2023-05-15,Mid,Senior
239,2024-06-26,Mid,Senior
242,2017-04-18,Mid,Senior
242,2021-04-02,Senior,Lead
242,2022-02-10,Lead,Manager
242,2025-09-22,Manager,Director
243,2018-02-17,Junior,Mid
244,2023-08-07,Junior,Mid
249,2016-01-21,Junior,Mid
249,2019-04-01,Mid,Senior
249,2022-11-17,Senior,Lead
249,2025-12-08,Lead,Manager
251,2018-04-08,Junior,Mid
251,2022-12-16,Mid,Senior
252,2025-06-23,Junior,Mid
255,2024-01-21,Lead,Manager
257,2023-03-17,Junior,Mid
258,2024-03-14,Junior,Mid
261,2021-08-20,Mid,Senior
261,2022-11-08,Senior,Lead
261,2023-10-21,Lead,Manager
261,2025-09-11,Manager,Director
262,2021-10-12,Junior,Mid
263,2023-01-15,Junior,Mid
263,2024-03-21,Mid,Senior
265,2024-02-22,Junior,Mid
266,2019-03-02,Intern,Junior
266,2021-09-07,Junior,Mid
267,2024-09-11,Junior,Mid
268,2021-08-08,Junior,Mid
272,2023-12-08,Mid,Senior
274,2018-07-13,Mid,Senior
274,2025-12-08,Senior,Lead
275,2023-02-28,Senior,Lead
276,2023-08-23,Mid,Senior
278,2025-07-03,Mid,Senior
281,2024-01-10,Mid,Senior
281,2025-03-09,Senior,Lead
285,2025-07-25,Mid,Senior
287,2019-05-03,Mid,Senior
287,2022-11-06,Senior,Lead
291,2024-02-20,Senior,Lead
295,2024-10-10,Mid,Senior
295,2025-01-06,Senior,Lead
299,2019-05-17,Senior,Lead
300,2016-09-23,Senior,Lead
300,2019-11-25,Lead,Manager
300,2021-05-04,Manager,Director
300,2024-01-19,Director,VP
306,2020-05-10,Senior,Lead
310,2016-07-18,Mid,Senior
310,2025-04-09,Senior,Lead
312,2021-10-23,Mid,Senior
315,2020-05-21,Senior,Lead
316,2024-09-15,Intern,Junior
317,2019-11-24,Junior,Mid
317,2025-10-07,Mid,Senior
319,2017-10-20,Junior,Mid
319,2020-10-01,Mid,Senior
320,2020-07-12,Junior,Mid
320,2022-08-28,Mid,Senior
320,2023-09-07,Senior,Lead
324,2017-12-05,Lead,Manager
324,2025-05-28,Manager,Director
326,2019-03-18,Mid,Senior
326,2021-12-20,Senior,Lead
326,2022-12-09,Lead,Manager
326,2024-05-07,Manager,Director
331,2023-09-17,Senior,Lead
335,2021-06-19,Mid,Senior
335,2023-01-24,Senior,Lead
335,2024-12-20,Lead,Manager
335,2025-05-20,Manager,Director
337,2021-08-18,Director,VP
338,2022-09-16,Senior,Lead
340,2024-10-04,Lead,Manager
342,2024-11-01,Mid,Senior
342,2025-09-21,Senior,Lead
343,2021-04-19,Mid,Senior
343,2024-11-22,Senior,Lead
344,2021-10-16,Junior,Mid
347,2017-12-25,Manager,Director
348,2019-04-01,Junior,Mid
348,2024-04-05,Mid,Senior
350,2024-10-09,Intern,Junior
351,2024-10-16,Mid,Senior
352,2017-02-21,Senior,Lead
352,2024-08-13,Lead,Manager
353,2019-09-01,Mid,Senior
353,2021-01-26,Senior,Lead
353,2022-11-19,Lead,Manager
353,2025-03-27,Manager,Director
354,2016-01-03,Mid,Senior
356,2023-06-17,Mid,Senior
357,2018-04-08,Junior,Mid
360,2019-02-14,Manager,Director
360,2023-12-22,Director,VP
365,2022-11-14,Junior,Mid
365,2023-06-27,Mid,Senior
365,2024-03-07,Senior,Lead
366,2018-12-14,Mid,Senior
366,2024-08-22,Senior,Lead
367,2019-06-07,Intern,Junior
367,2021-06-27,Junior,Mid
367,2025-11-09,Mid,Senior
368,2024-03-27,Senior,Lead
371,2024-06-28,Senior,Lead
372,2021-11-09,Junior,Mid
375,2019-10-15,Junior,Mid
375,2020-04-21,Mid,Senior
375,2022-08-05,Senior,Lead
375,2025-06-08,Lead,Manager
376,2017-05-22,Senior,Lead
376,2019-01-02,Lead,Manager
376,2020-10-06,Manager,Director
376,2022-12-25,Director,VP
377,2024-09-16,Mid,Senior
377,2025-04-01,Senior,Lead
379,2018-01-11,Lead,Manager
379,2020-11-12,Manager,Director
380,2017-06-24,Intern,Junior
380,2022-08-18,Junior,Mid
382,2021-09-06,Mid,Senior
382,2025-09-28,Senior,Lead
384,2022-09-07,Manager,Director
388,2022-08-25,Junior,Mid
388,2025-05-11,Mid,Senior
389,2021-02-18,Mid,Senior
389,2025-11-17,Senior,Lead
394,2024-01-09,Mid,Senior
398,2020-05-21,Junior,Mid
398,2023-05-27,Mid,Senior
399,2025-03-02,Director,VP
403,2025-11-25,Mid,Senior
405,2021-08-11,Senior,Lead
405,2023-07-12,Lead,Manager
407,2017-06-06,Senior,Lead
407,2021-10-02,Lead,Manager
409,2024-07-23,Lead,Manager
410,2021-08-05,Intern,Junior
411,2022-05-16,Mid,Senior
412,2023-08-15,Junior,Mid
412,2024-09-18,Mid,Senior
412,2025-10-06,Senior,Lead
413,2024-03-26,Mid,Senior
413,2025-10-01,Senior,Lead
415,2025-12-04,Mid,Senior
416,2018-08-25,Senior,Lead
416,2019-06-15,Lead,Manager
417,2018-01-27,Mid,Senior
417,2025-10-25,Senior,Lead
421,2023-04-07,Mid,Senior
421,2024-05-07,Senior,Lead
422,2018-07-25,Mid,Senior
423,2025-12-25,Senior,Lead
424,2017-01-07,Mid,Senior
424,2025-06-17,Senior,Lead
425,2022-09-27,Mid,Senior
430,2020-01-13,Mid,Senior
433,2023-10-17,Mid,Senior
433,2024-02-28,Senior,Lead
433,2025-11-28,Lead,Manager
436,2023-04-27,Senior,Lead
438,2022-09-21,Mid,Senior
439,2023-06-28,Mid,Senior
443,2025-08-15,Mid,Senior
450,2025-02-09,Senior,Lead
452,2019-10-20,Mid,Senior
452,2022-07-24,Senior,Lead
454,2023-12-19,Senior,Lead
454,2024-07-03,Lead,Manager
454,2025-12-03,Manager,Director
456,2021-02-13,Mid,Senior
464,2020-11-17,Junior,Mid
465,2017-05-16,Mid,Senior
465,2022-03-10,Senior,Lead
466,2022-09-16,Junior,Mid
467,2021-03-20,Mid,Senior
470,2021-02-14,Lead,Manager
471,2025-06-09,Junior,Mid
473,2025-03-11,Lead,Manager
474,2021-04-09,Senior,Lead
475,2018-03-10,Senior,Lead
475,2019-07-28,Lead,Manager
479,2024-02-08,Senior,Lead
481,2017-08-14,Intern,Junior
481,2020-07-10,Junior,Mid
481,2023-09-15,Mid,Senior
481,2025-09-10,Senior,Lead
482,2024-07-02,Senior,Lead
484,2024-11-28,Manager,Director
489,2017-01-21,Mid,Senior
489,2023-02-10,Senior,Lead
489,2025-11-25,Lead,Manager
493,2025-11-04,Senior,Lead
494,2022-10-04,Junior,Mid
494,2024-11-15,Mid,Senior
495,2024-01-17,Lead,Manager
498,2016-01-05,Mid,Senior
498,2021-12-19,Senior,Lead
498,2023-04-15,Lead,Manager
499,2022-03-17,Manager,Director
499,2023-01-06,Director,VP
500,2025-07-06,Mid,Senior
501,2022-09-25,Junior,Mid
501,2024-09-17,Mid,Senior
502,2023-09-13,Senior,Lead
502,2024-09-24,Lead,Manager
502,2025-08-21,Manager,Director
505,2019-07-19,Mid,Senior
506,2022-03-04,Manager,Director
507,2022-11-05,Lead,Manager
507,2023-08-24,Manager,Director
512,2016-10-11,Junior,Mid
512,2023-06-20,Mid,Senior
513,2020-08-28,Manager,Director
513,2023-03-17,Director,VP
514,2024-07-03,Manager,Director
516,2023-04-01,Senior,Lead
523,2021-10-25,Junior,Mid
523,2023-09-20,Mid,Senior
525,2022-08-21,Manager,Director
528,2020-06-24,Junior,Mid
528,2023-09-27,Mid,Senior
528,2024-01-16,Senior,Lead
528,2025-11-06,Lead,Manager
531,2024-08-11,Mid,Senior
532,2019-09-01,Mid,Senior
536,2019-05-20,Lead,Manager
539,2022-07-21,Mid,Senior
542,2020-08-10,Mid,Senior
545,2020-04-09,Mid,Senior
545,2024-11-15,Senior,Lead
547,2024-03-07,Senior,Lead
548,2025-04-25,Manager,Director
554,2023-07-18,Director,VP
555,2015-02-08,Mid,Senior
556,2024-11-09,Mid,Senior
556,2025-06-28,Senior,Lead
557,2023-03-19,Manager,Director
558,2023-08-01,Junior,Mid
561,2021-11-04,Director,VP
562,2016-11-07,Mid,Senior
562,2017-04-21,Senior,Lead
562,2019-03-10,Lead,Manager
562,2025-02-20,Manager,Director
565,2019-05-27,Mid,Senior
567,2022-08-04,Junior,Mid
568,2017-12-17,Senior,Lead
569,2021-12-17,Junior,Mid
571,2019-11-11,Mid,Senior
573,2023-03-14,Mid,Senior
573,2025-01-12,Senior,Lead
575,2024-06-20,Mid,Senior
577,2021-08-17,Mid,Senior
577,2023-04-15,Senior,Lead
577,2025-04-04,Lead,Manager
579,2025-06-19,Mid,Senior
580,2018-03-26,Junior,Mid
580,2022-12-15,Mid,Senior
580,2024-05-25,Senior,Lead
581,2020-02-15,Mid,Senior
583,2025-01-13,Senior,Lead
585,2025-04-09,Mid,Senior
586,2016-10-26,Mid,Senior
586,2019-09-22,Senior,Lead
587,2022-05-22,Intern,Junior
587,2023-11-24,Junior,Mid
589,2024-01-09,Mid,Senior
589,2025-12-24,Senior,Lead
590,2019-03-06,Mid,Senior
590,2022-05-02,Senior,Lead
593,2017-11-06,Mid,Senior
593,2021-04-09,Senior,Lead
593,2023-01-17,Lead,Manager
593,2025-08-02,Manager,Director
594,2015-10-18,Junior,Mid
595,2021-10-18,Mid,Senior
595,2022-01-02,Senior,Lead
595,2023-06-23,Lead,Manager
595,2024-06-16,Manager,Director
598,2025-11-13,Mid,Senior
599,2023-02-15,Mid,Senior
599,2024-06-01,Senior,Lead
599,2025-06-14,Lead,Manager
604,2022-03-10,Manager,Director
605,2020-02-24,Lead,Manager
605,2021-04-13,Manager,Director
605,2022-04-11,Director,VP
606,2024-02-05,Senior,Lead
607,2020-11-10,Lead,Manager
608,2023-03-08,Senior,Lead
608,2024-12-05,Lead,Manager
609,2017-10-04,Junior,Mid
609,2020-12-08,Mid,Senior
609,2021-06-08,Senior,Lead
611,2018-07-10,Junior,Mid
615,2023-01-21,Junior,Mid
615,2025-08-02,Mid,Senior
616,2025-08-07,Manager,Director
619,2025-05-11,Senior,Lead
623,2023-02-09,Mid,Senior
624,2025-03-17,Mid,Senior
625,2025-04-17,Mid,Senior
626,2022-05-10,Senior,Lead
626,2023-02-06,Lead,Manager
626,2025-05-11,Manager,Director
627,2021-11-01,Senior,Lead
632,2020-06-18,Lead,Manager
634,2025-09-21,Director,VP
636,2023-06-19,Mid,Senior
637,2022-03-08,Manager,Director
639,2023-10-27,Senior,Lead
640,2018-12-12,Mid,Senior
640,2019-11-13,Senior,Lead
641,2022-06-27,Mid,Senior
641,2024-03-22,Senior,Lead
641,2025-11-12,Lead,Manager
646,2024-08-14,Mid,Senior
646,2025-11-17,Senior,Lead
651,2020-06-09,Senior,Lead
651,2022-12-24,Lead,Manager
652,2024-12-22,Senior,Lead
654,2024-06-22,Lead,Manager
655,2022-12-06,Mid,Senior
658,2015-01-15,Mid,Senior
658,2018-11-24,Senior,Lead
658,2020-01-15,Lead,Manager
658,2023-09-03,Manager,Director
659,2021-10-21,Junior,Mid
659,2023-05-05,Mid,Senior
660,2025-05-19,Manager,Director
663,2021-10-20,Senior,Lead
663,2024-04-01,Lead,Manager
665,2023-06-12,Lead,Manager
665,2024-01-07,Manager,Director
665,2025-02-12,Director,VP
667,2024-01-25,Junior,Mid
670,2018-08-16,Mid,Senior
670,2020-01-22,Senior,Lead
670,2022-03-03,Lead,Manager
670,2025-06-25,Manager,Director
672,2020-04-25,Mid,Senior
672,2022-06-20,Senior,Lead
672,2024-04-09,Lead,Manager
673,2023-04-04,Junior,Mid
673,2024-12-02,Mid,Senior
674,2025-08-05,Manager,Director
677,2016-06-25,Mid,Senior
679,2024-02-27,Junior,Mid
682,2025-03-27,Lead,Manager
686,2021-10-05,Senior,Lead
687,2024-01-05,Junior,Mid
689,2016-02-25,Senior,Lead
689,2022-03-19,Lead,Manager
693,2025-08-16,Mid,Senior
696,2024-05-02,Junior,Mid
697,2022-01-18,Junior,Mid
697,2025-03-22,Mid,Senior
699,2021-10-26,Lead,Manager
703,2020-01-18,Junior,Mid
704,2018-04-27,Junior,Mid
704,2020-10-20,Mid,Senior
704,2021-11-12,Senior,Lead
704,2024-01-13,Lead,Manager
707,2020-11-20,Junior,Mid
710,2016-02-28,Lead,Manager
710,2021-03-09,Manager,Director
711,2024-10-21,Mid,Senior
711,2025-10-20,Senior,Lead
713,2017-09-09,Junior,Mid
714,2025-10-27,Junior,Mid
718,2024-06-21,Senior,Lead
720,2025-03-20,Manager,Director
722,2020-09-14,Mid,Senior
722,2023-08-28,Senior,Lead
727,2016-08-18,Senior,Lead
729,2024-02-01,Senior,Lead
730,2021-10-22,Junior,Mid
732,2018-08-13,Mid,Senior
733,2017-03-23,Junior,Mid
737,2023-07-18,Junior,Mid
740,2025-05-12,Mid,Senior
743,2024-11-10,Senior,Lead
743,2025-05-09,Lead,Manager
748,2024-10-10,Mid,Senior
749,2025-11-09,Mid,Senior
751,2016-02-25,Mid,Senior
751,2019-07-16,Senior,Lead
751,2021-07-24,Lead,Manager
751,2024-01-27,Manager,Director
753,2024-06-17,Mid,Senior
755,2020-09-27,Senior,Lead
755,2025-06-09,Lead,Manager
757,2025-05-21,Mid,Senior
758,2016-10-17,Junior,Mid
758,2017-07-02,Mid,Senior
758,2020-03-20,Senior,Lead
758,2022-12-13,Lead,Manager
762,2018-05-23,Lead,Manager
765,2023-10-21,Senior,Lead
765,2024-12-09,Lead,Manager
767,2019-09-28,Junior,Mid
767,2021-03-02,Mid,Senior
767,2022-04-20,Senior,Lead
767,2024-06-27,Lead,Manager
768,2016-06-07,Senior,Lead
770,2024-11-08,Junior,Mid
772,2025-05-06,Intern,Junior
773,2016-11-09,Junior,Mid
773,2017-09-25,Mid,Senior
773,2021-12-06,Senior,Lead
774,2017-01-25,Senior,Lead
774,2018-07-03,Lead,Manager
774,2021-05-28,Manager,Director
775,2020-06-14,Junior,Mid
775,2024-11-17,Mid,Senior
775,2025-04-28,Senior,Lead
776,2015-06-09,Mid,Senior
776,2025-01-05,Senior,Lead
777,2025-02-07,Senior,Lead
778,2019-11-25,Director,VP
781,2020-10-15,Junior,Mid
781,2023-06-20,Mid,Senior
781,2025-06-11,Senior,Lead
782,2018-05-09,Mid,Senior
782,2022-08-28,Senior,Lead
783,2025-02-18,Junior,Mid
787,2019-12-17,Senior,Lead
788,2025-09-11,Manager,Director
789,2023-10-25,Senior,Lead
793,2017-11-06,Mid,Senior
794,2025-02-12,Mid,Senior
795,2025-06-14,Junior,Mid
797,2025-08-28,Mid,Senior
798,2017-05-24,Mid,Senior
798,2019-11-22,Senior,Lead
798,2022-07-20,Lead,Manager
798,2025-12-18,Manager,Director
802,2023-08-19,Mid,Senior
803,2018-02-21,Mid,Senior
803,2019-05-17,Senior,Lead
803,2021-11-19,Lead,Manager
804,2023-12-06,Mid,Senior
806,2025-01-26,Mid,Senior
808,2018-03-03,Mid,Senior
808,2019-09-04,Senior,Lead
808,2020-10-11,Lead,Manager
808,2025-02-15,Manager,Director
811,2022-05-11,Junior,Mid
811,2023-04-18,Mid,Senior
811,2024-04-07,Senior,Lead
813,2025-12-24,Manager,Director
817,2021-10-25,Junior,Mid
817,2022-08-16,Mid,Senior
817,2023-01-08,Senior,Lead
817,2025-02-23,Lead,Manager
818,2021-05-12,Intern,Junior
818,2022-07-26,Junior,Mid
820,2021-04-14,Junior,Mid
820,2025-11-28,Mid,Senior
824,2021-04-19,Manager,Director
825,2021-02-03,Junior,Mid
825,2023-10-27,Mid,Senior
826,2019-09-16,Junior,Mid
826,2024-03-28,Mid,Senior
826,2025-02-04,Senior,Lead
830,2022-07-03,Senior,Lead
831,2020-01-28,Mid,Senior
833,2023-06-16,Junior,Mid
833,2024-05-07,Mid,Senior
834,2025-10-21,Mid,Senior
836,2019-05-03,Mid,Senior
836,2025-08-21,Senior,Lead
837,2024-09-21,Lead,Manager
841,2019-10-10,Junior,Mid
841,2020-06-21,Mid,Senior
841,2022-04-21,Senior,Lead
841,2024-05-20,Lead,Manager
842,2024-01-04,Senior,Lead
843,2019-05-20,Junior,Mid
843,2024-08-02,Mid,Senior
843,2025-05-14,Senior,Lead
844,2023-02-22,Junior,Mid
846,2022-02-03,Lead,Manager
846,2023-11-19,Manager,Director
848,2025-07-16,Senior,Lead
851,2020-05-23,Mid,Senior
853,2024-06-25,Junior,Mid
853,2025-09-27,Mid,Senior
854,2021-01-07,Senior,Lead
856,2018-08-09,Senior,Lead
858,2025-12-21,Mid,Senior
860,2017-09-27,Junior,Mid
861,2025-11-07,Senior,Lead
862,2025-11-11,Mid,Senior
863,2024-03-11,Intern,Junior
865,2021-02-11,Director,VP
868,2020-10-13,Mid,Senior
868,2022-12-11,Senior,Lead
871,2022-03-23,Junior,Mid
872,2018-11-13,Senior,Lead
874,2025-11-26,Senior,Lead
876,2018-09-22,Lead,Manager
876,2021-12-19,Manager,Director
876,2023-11-01,Director,VP
878,2023-03-17,Lead,Manager
879,2024-08-16,Mid,Senior
880,2024-03-15,Senior,Lead
883,2022-10-17,Mid,Senior
885,2023-03-20,Junior,Mid
885,2024-07-09,Mid,Senior
885,2025-04-21,Senior,Lead
886,2024-09-10,Mid,Senior
887,2020-11-15,Mid,Senior
887,2021-03-13,Senior,Lead
889,2022-04-04,Mid,Senior
891,2023-04-01,Junior,Mid
891,2025-01-04,Mid,Senior
892,2025-05-27,Intern,Junior
894,2021-08-16,Junior,Mid
894,2022-01-22,Mid,Senior
894,2025-03-14,Senior,Lead
896,2022-06-13,Mid,Senior
899,2025-08-23,Senior,Lead
901,2022-04-07,Mid,Senior
904,2022-11-25,Mid,Senior
904,2024-06-21,Senior,Lead
905,2025-03-27,Junior,Mid
908,2023-05-08,Junior,Mid
909,2025-07-24,Lead,Manager
911,2024-10-16,Junior,Mid
913,2022-06-16,Mid,Senior
913,2025-09-15,Senior,Lead
914,2019-07-28,Mid,Senior
914,2021-03-24,Senior,Lead
914,2024-05-11,Lead,Manager
914,2025-09-18,Manager,Director
918,2024-06-28,Lead,Manager
919,2025-11-23,Junior,Mid
920,2024-09-09,Mid,Senior
921,2022-05-25,Mid,Senior
923,2021-07-02,Mid,Senior
924,2023-09-17,Mid,Senior
925,2025-12-16,Mid,Senior
927,2025-05-19,Junior,Mid
928,2021-06-14,Mid,Senior
928,2023-08-11,Senior,Lead
928,2025-05-04,Lead,Manager
930,2022-10-15,Mid,Senior
932,2022-06-07,Junior,Mid
936,2023-10-21,Mid,Senior
936,2025-09-12,Senior,Lead
937,2025-06-11,Mid,Senior
941,2021-06-06,Manager,Director
942,2018-08-06,Mid,Senior
943,2022-03-02,Senior,Lead
951,2017-01-26,Junior,Mid
952,2021-04-06,Mid,Senior
952,2022-02-27,Senior,Lead
953,2025-08-19,Senior,Lead
955,2025-11-26,Senior,Lead
956,2023-02-26,Junior,Mid
956,2024-11-02,Mid,Senior
956,2025-08-15,Senior,Lead
957,2022-09-19,Lead,Manager
961,2025-02-04,Senior,Lead
965,2017-09-26,Junior,Mid
965,2020-01-13,Mid,Senior
965,2021-11-08,Senior,Lead
967,2017-06-21,Mid,Senior
967,2019-05-05,Senior,Lead
967,2023-08-19,Lead,Manager
967,2025-04-07,Manager,Director
968,2020-10-27,Mid,Senior
968,2023-12-25,Senior,Lead
969,2023-11-25,Junior,Mid
971,2017-06-01,Lead,Manager
971,2020-04-11,Manager,Director
973,2019-01-10,Senior,Lead
976,2019-08-20,Mid,Senior
976,2021-02-25,Senior,Lead
976,2022-02-03,Lead,Manager
977,2020-07-20,Junior,Mid
977,2022-05-05,Mid,Senior
977,2024-03-05,Senior,Lead
981,2024-11-16,Lead,Manager
982,2017-04-22,Senior,Lead
982,2020-05-02,Lead,Manager
983,2016-07-14,Mid,Senior
985,2020-01-01,Mid,Senior
985,2025-01-06,Senior,Lead
986,2021-10-05,Intern,Junior
986,2023-09-02,Junior,Mid
986,2024-04-08,Mid,Senior
988,2022-08-27,Lead,Manager
988,2025-10-08,Manager,Director
989,2019-05-06,Mid,Senior
989,2020-08-27,Senior,Lead
991,2024-10-27,Junior,Mid
993,2020-10-18,Mid,Senior
996,2021-06-27,Senior,Lead
997,2025-03-23,Senior,Lead
1000,2022-03-19,Senior,Lead
1000,2023-08-09,Lead,Manager
1000,2024-06-04,Manager,Director
1000,2025-02-23,Director,VP
1001,2024-03-25,Mid,Senior
1004,2025-12-01,Lead,Manager
1006,2022-08-03,Lead,Manager
1006,2023-11-03,Manager,Director
1007,2024-08-05,Junior,Mid
1011,2025-02-13,Director,VP
1013,2020-07-02,Mid,Senior
1013,2021-12-06,Senior,Lead
1013,2024-03-07,Lead,Manager
1014,2022-03-10,Mid,Senior
1014,2025-10-04,Senior,Lead
1015,2023-02-28,Lead,Manager
1015,2025-03-22,Manager,Director
1016,2023-04-17,Mid,Senior
1018,2023-04-04,Junior,Mid
1019,2021-01-17,Senior,Lead
1019,2024-12-07,Lead,Manager
1020,2022-06-21,Junior,Mid
1020,2023-07-24,Mid,Senior
1020,2024-04-22,Senior,Lead
1020,2025-12-10,Lead,Manager
1021,2023-04-25,Mid,Senior
1021,2024-06-09,Senior,Lead
1021,2025-08-21,Lead,Manager
1026,2020-01-13,Junior,Mid
1026,2023-09-05,Mid,Senior
1029,2022-02-22,Mid,Senior
1029,2025-09-14,Senior,Lead
1033,2025-05-20,Junior,Mid
1034,2025-02-26,Lead,Manager
1035,2023-07-27,Junior,Mid
1036,2019-08-01,Lead,Manager
1036,2020-07-20,Manager,Director
1040,2021-01-09,Director,VP
1041,2024-11-13,Mid,Senior
1041,2025-08-18,Senior,Lead
1042,2025-06-08,Mid,Senior
1043,2022-02-10,Mid,Senior
1043,2025-12-08,Senior,Lead
1045,2016-10-21,Senior,Lead
1047,2023-07-22,Senior,Lead
1048,2021-03-20,Junior,Mid
1048,2025-10-14,Mid,Senior
1050,2015-09-13,Mid,Senior
1050,2019-12-26,Senior,Lead
1051,2015-02-03,Junior,Mid
1051,2025-08-26,Mid,Senior
1053,2020-06-26,Mid,Senior
1053,2023-01-14,Senior,Lead
1053,2024-11-19,Lead,Manager
1056,2015-10-07,Junior,Mid
1056,2016-12-27,Mid,Senior
1056,2018-10-10,Senior,Lead
1057,2025-05-06,Senior,Lead
1064,2018-06-09,Junior,Mid
1064,2019-08-14,Mid,Senior
1064,2025-07-27,Senior,Lead
1065,2021-11-21,Manager,Director
1069,2023-05-04,Junior,Mid
1069,2024-12-24,Mid,Senior
1069,2025-02-16,Senior,Lead
1071,2023-01-06,Mid,Senior
1071,2024-10-23,Senior,Lead
1073,2025-06-11,Lead,Manager
1074,2025-06-13,Senior,Lead
1077,2025-04-25,Lead,Manager
1078,2020-04-23,Mid,Senior
1079,2025-07-22,Mid,Senior
1081,2024-08-22,Lead,Manager
1084,2025-12-21,Senior,Lead
1087,2025-11-01,Mid,Senior
1089,2020-11-26,Senior,Lead
1089,2024-01-18,Lead,Manager
1090,2016-11-26,Senior,Lead
1093,2019-12-06,Junior,Mid
1093,2022-09-13,Mid,Senior
1093,2023-04-19,Senior,Lead
1095,2021-02-16,Mid,Senior
1095,2022-11-12,Senior,Lead
1095,2024-10-03,Lead,Manager
1095,2025-05-11,Manager,Director
1096,2020-10-08,Junior,Mid
1096,2021-10-11,Mid,Senior
1096,2023-04-19,Senior,Lead
1096,2024-11-26,Lead,Manager
1097,2024-04-08,Mid,Senior
1101,2020-09-12,Mid,Senior
1101,2022-12-11,Senior,Lead
1101,2024-12-06,Lead,Manager
1106,2024-05-02,Mid,Senior
1106,2025-06-04,Senior,Lead
1109,2017-12-21,Senior,Lead
1109,2018-10-17,Lead,Manager
1109,2019-04-19,Manager,Director
1109,2024-02-01,Director,VP
1110,2023-04-21,Senior,Lead
1111,2025-08-11,Junior,Mid
1113,2021-04-23,Junior,Mid
1113,2022-01-26,Mid,Senior
1113,2023-03-06,Senior,Lead
1113,2024-06-04,Lead,Manager
1114,2018-04-07,Mid,Senior
1114,2022-05-12,Senior,Lead
1114,2023-10-23,Lead,Manager
1114,2024-06-18,Manager,Director
1118,2020-05-16,Mid,Senior
1118,2024-06-07,Senior,Lead
1119,2017-05-16,Junior,Mid
1119,2018-07-14,Mid,Senior
1119,2023-10-12,Senior,Lead
1119,2024-11-11,Lead,Manager
1121,2023-01-13,Lead,Manager
1122,2021-06-19,Junior,Mid
1124,2025-05-13,Manager,Director
1125,2017-04-17,Mid,Senior
1125,2023-12-26,Senior,Lead
1129,2024-01-21,Senior,Lead
1130,2024-04-18,Senior,Lead
1135,2025-06-22,Senior,Lead
1136,2021-12-18,Lead,Manager
1137,2025-04-12,Senior,Lead
1142,2023-08-22,Junior,Mid
1144,2016-11-01,Junior,Mid
1144,2017-05-22,Mid,Senior
1144,2023-06-20,Senior,Lead
1146,2024-01-01,Mid,Senior
1146,2025-12-12,Senior,Lead
1147,2019-03-03,Mid,Senior
1149,2025-05-27,Mid,Senior
1151,2025-07-11,Mid,Senior
1153,2022-02-20,Junior,Mid
1153,2024-01-19,Mid,Senior
1154,2021-02-22,Mid,Senior
1156,2024-07-28,Director,VP
1157,2022-08-15,Mid,Senior
1158,2024-03-14,Intern,Junior
1163,2017-06-27,Manager,Director
1170,2024-04-18,Manager,Director
1172,2022-04-24,Mid,Senior
1175,2017-11-06,Lead,Manager
1176,2018-10-14,Intern,Junior
1176,2019-04-08,Junior,Mid
1176,2020-12-17,Mid,Senior
1176,2021-08-25,Senior,Lead
1180,2022-11-27,Senior,Lead
1180,2023-12-08,Lead,Manager
1181,2023-10-12,Junior,Mid
1181,2024-08-04,Mid,Senior
1185,2025-05-25,Mid,Senior
1187,2021-01-08,Lead,Manager
1190,2023-06-17,Mid,Senior
1191,2024-05-13,Junior,Mid
1191,2025-03-03,Mid,Senior
1192,2022-02-27,Junior,Mid
1192,2023-03-09,Mid,Senior
1192,2024-01-15,Senior,Lead
1192,2025-11-13,Lead,Manager
1193,2025-12-11,Senior,Lead
1194,2025-04-09,Junior,Mid
1198,2022-11-24,Junior,Mid
1198,2025-10-09,Mid,Senior
1199,2022-05-05,Mid,Senior
1199,2023-11-04,Senior,Lead
1201,2021-05-10,Mid,Senior
1201,2025-05-10,Senior,Lead
1204,2020-06-28,Senior,Lead
1204,2025-01-18,Lead,Manager
1206,2021-04-20,Mid,Senior
1207,2024-10-07,Manager,Director
1208,2025-12-04,Mid,Senior
1210,2025-06-25,Senior,Lead
1214,2018-06-07,Senior,Lead
1214,2021-08-02,Lead,Manager
1214,2022-11-02,Manager,Director
1215,2020-04-12,Senior,Lead
1215,2022-03-04,Lead,Manager
1217,2021-06-04,Senior,Lead
1218,2022-02-26,Senior,Lead
1219,2022-05-05,Junior,Mid
1220,2020-04-07,Senior,Lead
1220,2022-05-19,Lead,Manager
1223,2020-11-24,Senior,Lead
1223,2022-08-08,Lead,Manager
1223,2025-02-13,Manager,Director
1224,2019-08-17,Junior,Mid
1224,2021-04-27,Mid,Senior
1224,2023-10-24,Senior,Lead
1232,2025-10-17,Manager,Director
1233,2019-08-13,Senior,Lead
1234,2024-08-17,Junior,Mid
1235,2025-02-18,Mid,Senior
1236,2025-01-25,Senior,Lead
1238,2020-01-02,Junior,Mid
1239,2021-04-19,Mid,Senior
1241,2025-08-21,Junior,Mid
1243,2019-09-06,Lead,Manager
1244,2020-12-28,Mid,Senior
1246,2024-01-12,Junior,Mid
1252,2025-07-11,Junior,Mid
1258,2018-07-15,Mid,Senior
1258,2020-07-24,Senior,Lead
1258,2025-03-06,Lead,Manager
1261,2025-06-25,Senior,Lead
1263,2025-09-02,Mid,Senior
1264,2022-05-28,Manager,Director
1265,2020-07-28,Mid,Senior
1266,2024-03-03,Lead,Manager
1269,2021-04-27,Mid,Senior
1270,2021-06-17,Mid,Senior
1273,2020-05-05,Director,VP
1278,2020-10-16,Manager,Director
1284,2025-06-17,Junior,Mid
1285,2021-05-14,Mid,Senior
1285,2024-08-03,Senior,Lead
1285,2025-11-23,Lead,Manager
1286,2021-12-05,Mid,Senior
1286,2024-12-26,Senior,Lead
1292,2019-05-26,Mid,Senior
1292,2021-07-09,Senior,Lead
1294,2023-04-14,Senior,Lead
1296,2021-01-03,Mid,Senior
1300,2021-08-26,Mid,Senior
1300,2022-12-08,Senior,Lead
1300,2025-08-07,Lead,Manager
1301,2021-02-02,Lead,Manager
1305,2022-11-22,Junior,Mid
1305,2023-12-26,Mid,Senior
1306,2024-07-04,Mid,Senior
1307,2018-03-24,Junior,Mid
1307,2019-02-06,Mid,Senior
1307,2020-12-13,Senior,Lead
1307,2021-09-27,Lead,Manager
1309,2020-10-07,Junior,Mid
1309,2022-05-24,Mid,Senior
1310,2022-02-02,Mid,Senior
1311,2024-04-27,Director,VP
1313,2019-08-05,Junior,Mid
1313,2023-02-03,Mid,Senior
1314,2023-12-06,Junior,Mid
1319,2022-11-25,Junior,Mid
1319,2023-03-14,Mid,Senior
1319,2024-04-08,Senior,Lead
1320,2021-08-04,Junior,Mid
1320,2022-11-07,Mid,Senior
1321,2017-05-10,Senior,Lead
1321,2021-09-06,Lead,Manager
1321,2022-03-17,Manager,Director
1321,2025-12-16,Director,VP
1323,2019-08-25,Mid,Senior
1323,2022-07-06,Senior,Lead
1329,2025-02-14,Mid,Senior
1331,2017-12-04,Mid,Senior
1331,2024-04-23,Senior,Lead
1333,2021-09-28,Manager,Director
1333,2024-08-25,Director,VP
1334,2024-05-25,Mid,Senior
1337,2023-03-21,Manager,Director
1339,2019-04-05,Mid,Senior
1339,2022-04-10,Senior,Lead
1341,2019-11-01,Senior,Lead
1343,2021-02-26,Mid,Senior
1344,2020-11-13,Junior,Mid
1344,2024-03-07,Mid,Senior
1344,2025-02-12,Senior,Lead
1345,2020-07-07,Mid,Senior
1345,2021-10-15,Senior,Lead
1345,2022-11-12,Lead,Manager
1345,2024-01-12,Manager,Director
1348,2020-11-19,Lead,Manager
1349,2023-03-15,Intern,Junior
1349,2024-11-14,Junior,Mid
1349,2025-11-07,Mid,Senior
1350,2025-04-06,Senior,Lead
1354,2020-02-09,Lead,Manager
1354,2021-03-14,Manager,Director
1354,2022-12-10,Director,VP
1359,2024-07-16,Senior,Lead
1359,2025-05-23,Lead,Manager
1360,2025-06-18,Senior,Lead
1362,2023-06-27,Manager,Director
1364,2017-01-01,Mid,Senior
1364,2019-02-10,Senior,Lead
1364,2025-11-19,Lead,Manager
1365,2019-04-19,Junior,Mid
1365,2024-12-27,Mid,Senior
1366,2023-12-14,Mid,Senior
1367,2020-12-12,Mid,Senior
1369,2020-03-10,Junior,Mid
1369,2022-06-17,Mid,Senior
1371,2024-06-04,Mid,Senior
1372,2023-10-21,Senior,Lead
1372,2024-03-04,Lead,Manager
1373,2024-05-08,Mid,Senior
1377,2023-01-12,Senior,Lead
1378,2024-12-16,Mid,Senior
1382,2022-11-18,Senior,Lead
1382,2025-11-24,Lead,Manager
1385,2025-11-15,Mid,Senior
1386,2025-07-20,Lead,Manager
1387,2018-07-10,Junior,Mid
1390,2021-02-17,Mid,Senior
1390,2023-01-13,Senior,Lead
1390,2024-12-23,Lead,Manager
1390,2025-11-26,Manager,Director
1392,2024-12-04,Junior,Mid
1393,2022-08-24,Senior,Lead
1393,2025-04-26,Lead,Manager
1394,2019-06-27,Mid,Senior
1394,2022-11-25,Senior,Lead
1394,2024-08-24,Lead,Manager
1396,2020-02-13,Manager,Director
1397,2020-08-24,Mid,Senior
1397,2022-06-15,Senior,Lead
1397,2024-12-17,Lead,Manager
1398,2024-06-01,Junior,Mid
1400,2023-01-17,Mid,Senior
1402,2021-03-13,Lead,Manager
1402,2025-05-16,Manager,Director
1405,2023-10-14,Mid,Senior
1405,2025-09-10,Senior,Lead
1407,2024-01-03,Mid,Senior
1409,2024-12-22,Senior,Lead
1412,2024-10-18,Manager,Director
1414,2024-08-24,Manager,Director
1414,2025-06-15,Director,VP
1421,2021-06-26,Mid,Senior
1421,2022-12-03,Senior,Lead
1421,2024-08-16,Lead,Manager
1422,2022-03-23,Junior,Mid
1422,2024-12-16,Mid,Senior
1422,2025-11-14,Senior,Lead
1424,2021-06-14,Lead,Manager
1424,2024-07-21,Manager,Director
1425,2017-05-04,Lead,Manager
1425,2021-04-26,Manager,Director
1425,2024-06-01,Director,VP
1427,2018-05-21,Senior,Lead
1429,2024-02-17,Mid,Senior
1430,2015-01-25,Lead,Manager
1431,2024-06-02,Mid,Senior
1433,2024-12-24,Mid,Senior
1435,2023-11-26,Mid,Senior
1437,2024-06-25,Mid,Senior
1448,2020-04-19,Senior,Lead
1452,2021-08-07,Director,VP
1455,2019-02-27,Junior,Mid
1460,2018-02-04,Mid,Senior
1464,2025-02-01,Mid,Senior
1473,2020-05-04,Senior,Lead
1473,2021-02-09,Lead,Manager
1474,2019-10-12,Junior,Mid
1474,2022-08-14,Mid,Senior
1474,2023-01-08,Senior,Lead
1476,2025-01-10,Junior,Mid
1477,2024-07-03,Senior,Lead
1479,2024-11-28,Mid,Senior
1480,2019-11-17,Junior,Mid
1480,2022-11-07,Mid,Senior
1480,2023-11-10,Senior,Lead
1480,2025-09-27,Lead,Manager
1484,2017-05-04,Mid,Senior
1485,2023-05-27,Mid,Senior
1485,2025-11-05,Senior,Lead
1486,2024-02-26,Manager,Director
1489,2019-02-16,Senior,Lead
1489,2020-03-16,Lead,Manager
1490,2022-04-03,Mid,Senior
1490,2025-04-05,Senior,Lead
1493,2024-12-21,Mid,Senior
1494,2022-01-14,Senior,Lead
1498,2023-11-15,Mid,Senior
1500,2024-08-13,Junior,Mid
1503,2025-11-15,Junior,Mid
1506,2024-09-21,Junior,Mid
1506,2025-01-14,Mid,Senior
1507,2015-10-23,Junior,Mid
1510,2022-01-21,Junior,Mid
1511,2018-06-07,Senior,Lead
1514,2024-03-12,Junior,Mid
1514,2025-08-12,Mid,Senior
1515,2023-12-25,Mid,Senior
1515,2024-01-19,Senior,Lead
1515,2025-05-27,Lead,Manager
1516,2022-03-26,Mid,Senior
1517,2021-01-02,Mid,Senior
1517,2025-03-09,Senior,Lead
1519,2021-10-20,Mid,Senior
1520,2016-09-24,Mid,Senior
1520,2018-07-17,Senior,Lead
1522,2021-03-24,Lead,Manager
1522,2025-03-08,Manager,Director
1523,2025-08-18,Mid,Senior
1524,2019-04-10,Junior,Mid
1524,2023-03-20,Mid,Senior
1524,2024-10-24,Senior,Lead
1524,2025-06-02,Lead,Manager
1525,2023-08-24,Mid,Senior
1525,2024-08-26,Senior,Lead
1529,2025-06-21,Mid,Senior
1533,2020-07-04,Mid,Senior
1533,2024-01-23,Senior,Lead
1538,2020-10-10,Junior,Mid
1538,2021-01-13,Mid,Senior
1538,2022-04-12,Senior,Lead
1538,2024-08-06,Lead,Manager
1539,2024-08-25,Junior,Mid
1542,2023-01-19,Senior,Lead
1544,2020-11-26,Mid,Senior
1546,2019-06-09,Mid,Senior
1546,2023-04-27,Senior,Lead
1546,2025-05-26,Lead,Manager
1547,2022-02-23,Lead,Manager
1551,2018-01-01,Mid,Senior
1551,2020-03-16,Senior,Lead
1559,2019-03-25,Lead,Manager
1561,2024-06-12,Mid,Senior
1561,2025-09-12,Senior,Lead
1565,2023-03-07,Lead,Manager
1566,2020-11-03,Mid,Senior
1566,2025-08-13,Senior,Lead
1567,2018-08-01,Mid,Senior
1567,2025-06-24,Senior,Lead
1570,2018-12-26,Mid,Senior
1571,2024-10-26,Mid,Senior
1572,2020-01-25,Mid,Senior
1572,2024-11-06,Senior,Lead
1573,2025-12-04,Manager,Director
1575,2017-05-01,Junior,Mid
1575,2019-10-28,Mid,Senior
1582,2023-07-13,Manager,Director
1583,2025-01-19,Mid,Senior
1586,2021-07-21,Junior,Mid
1589,2020-08-18,Senior,Lead
1589,2021-10-07,Lead,Manager
1589,2024-08-19,Manager,Director
1591,2023-04-15,Junior,Mid
1593,2024-01-19,Director,VP
1594,2023-02-25,Junior,Mid
1594,2025-05-06,Mid,Senior
1596,2021-08-07,Senior,Lead
1596,2024-11-18,Lead,Manager
1598,2024-02-09,Mid,Senior
1600,2017-06-14,Mid,Senior
1601,2019-01-02,Mid,Senior
1610,2022-10-24,Junior,Mid
1613,2025-07-03,Director,VP
1615,2020-07-14,Mid,Senior
1615,2021-09-18,Senior,Lead
1615,2024-06-10,Lead,Manager
1619,2018-05-10,Mid,Senior
1620,2022-07-09,Mid,Senior
1622,2018-12-11,Junior,Mid
1622,2020-09-02,Mid,Senior
1624,2025-11-07,Junior,Mid
1626,2022-08-07,Mid,Senior
1626,2023-05-10,Senior,Lead
1626,2024-08-27,Lead,Manager
1626,2025-10-26,Manager,Director
1630,2022-03-12,Mid,Senior
1634,2022-05-15,Lead,Manager
1635,2015-07-04,Mid,Senior
1635,2019-09-08,Senior,Lead
1635,2020-12-10,Lead,Manager
1635,2023-05-05,Manager,Director
1637,2022-06-05,Lead,Manager
1637,2025-09-14,Manager,Director
1638,2024-02-22,Senior,Lead
1638,2025-08-02,Lead,Manager
1640,2023-04-08,Intern,Junior
1643,2018-04-07,Mid,Senior
1643,2022-08-14,Senior,Lead
1643,2024-09-09,Lead,Manager
1643,2025-01-24,Manager,Director
1644,2023-09-03,Mid,Senior
1645,2020-10-12,Mid,Senior
1645,2022-02-09,Senior,Lead
1645,2023-10-28,Lead,Manager
1645,2025-12-21,Manager,Director
1646,2022-08-06,Lead,Manager
1647,2020-07-27,Junior,Mid
1648,2018-05-24,Intern,Junior
1648,2019-07-09,Junior,Mid
1648,2025-05-11,Mid,Senior
1649,2025-11-20,Senior,Lead
1652,2019-04-26,Junior,Mid
1652,2021-08-08,Mid,Senior
1652,2023-07-20,Senior,Lead
1653,2022-05-15,Manager,Director
1654,2020-01-26,Mid,Senior
1654,2021-06-28,Senior,Lead
1654,2023-04-19,Lead,Manager
1654,2024-08-07,Manager,Director
1656,2023-05-05,Senior,Lead
1657,2025-12-01,Mid,Senior
1659,2021-02-26,Intern,Junior
1659,2025-02-20,Junior,Mid
1662,2024-12-12,Mid,Senior
1664,2015-09-21,Mid,Senior
1664,2021-10-11,Senior,Lead
1664,2022-10-10,Lead,Manager
1667,2016-07-12,Manager,Director
1668,2019-09-07,Mid,Senior
1668,2022-07-16,Senior,Lead
1669,2024-02-24,Junior,Mid
1670,2018-05-24,Mid,Senior
1670,2021-09-07,Senior,Lead
1670,2022-06-10,Lead,Manager
1670,2023-11-25,Manager,Director
1672,2020-09-23,Mid,Senior
1672,2025-03-12,Senior,Lead
1673,2025-01-20,Mid,Senior
1677,2022-08-04,Mid,Senior
1677,2025-06-16,Senior,Lead
1678,2018-04-19,Mid,Senior
1678,2021-06-12,Senior,Lead
1678,2023-02-06,Lead,Manager
1681,2023-05-05,Manager,Director
1681,2025-03-14,Director,VP
1682,2023-06-07,Mid,Senior
1682,2024-08-04,Senior,Lead
1684,2017-11-12,Lead,Manager
1685,2023-03-23,Junior,Mid
1686,2025-04-07,Mid,Senior
1689,2025-06-15,Junior,Mid
1690,2018-07-21,Junior,Mid
1690,2019-03-21,Mid,Senior
1690,2021-07-01,Senior,Lead
1690,2022-03-07,Lead,Manager
1691,2024-09-20,Junior,Mid
1691,2025-02-20,Mid,Senior
1694,2025-11-17,Junior,Mid
1696,2024-03-08,Senior,Lead
1697,2020-08-28,Director,VP
1698,2016-09-25,Junior,Mid
1698,2018-10-20,Mid,Senior
1698,2020-07-14,Senior,Lead
1702,2024-06-28,Director,VP
1703,2019-06-15,Mid,Senior
1703,2023-08-03,Senior,Lead
1707,2022-10-15,Junior,Mid
1707,2023-10-07,Mid,Senior
1710,2021-01-14,Mid,Senior
1710,2022-03-21,Senior,Lead
1710,2023-01-25,Lead,Manager
1710,2024-10-17,Manager,Director
1712,2020-01-18,Junior,Mid
1713,2025-08-21,Junior,Mid
1718,2015-03-09,Junior,Mid
1718,2020-01-18,Mid,Senior
1718,2021-02-15,Senior,Lead
1718,2024-05-23,Lead,Manager
1719,2019-08-26,Manager,Director
1720,2022-07-13,Mid,Senior
1720,2023-02-09,Senior,Lead
1720,2025-03-25,Lead,Manager
1721,2021-11-08,Lead,Manager
1724,2021-04-08,Director,VP
1726,2025-11-08,Mid,Senior
1730,2019-03-11,Mid,Senior
1730,2021-07-19,Senior,Lead
1730,2022-07-09,Lead,Manager
1730,2023-08-25,Manager,Director
1732,2023-10-14,Mid,Senior
1733,2023-07-21,Mid,Senior
1736,2018-02-07,Mid,Senior
1736,2025-07-10,Senior,Lead
1738,2015-12-06,Manager,Director
1738,2019-12-20,Director,VP
1741,2020-06-06,Junior,Mid
1741,2025-02-22,Mid,Senior
1743,2021-08-17,Mid,Senior
1743,2022-04-01,Senior,Lead
1743,2025-08-11,Lead,Manager
1744,2022-10-04,Mid,Senior
1744,2023-05-04,Senior,Lead
1744,2024-01-22,Lead,Manager
1744,2025-06-05,Manager,Director
1748,2016-10-14,Mid,Senior
1748,2023-08-22,Senior,Lead
1748,2025-05-13,Lead,Manager
1749,2020-01-26,Mid,Senior
1751,2023-01-06,Senior,Lead
1754,2025-05-28,Junior,Mid
1755,2024-02-14,Junior,Mid
1755,2025-12-02,Mid,Senior
1762,2021-10-06,Mid,Senior
1767,2021-12-25,Senior,Lead
1768,2020-03-16,Junior,Mid
1770,2019-10-21,Senior,Lead
1770,2021-03-02,Lead,Manager
1771,2024-06-24,Lead,Manager
1772,2023-12-04,Lead,Manager
1774,2017-07-15,Mid,Senior
1776,2024-07-11,Mid,Senior
1776,2025-02-10,Senior,Lead
1778,2018-10-20,Mid,Senior
1778,2022-11-04,Senior,Lead
1778,2023-10-17,Lead,Manager
1780,2024-04-01,Senior,Lead
1783,2022-10-14,Mid,Senior
1791,2024-11-09,Lead,Manager
1793,2025-04-05,Senior,Lead
1796,2023-03-06,Junior,Mid
1798,2017-02-14,Junior,Mid
1798,2019-05-26,Mid,Senior
1798,2021-05-23,Senior,Lead
1798,2022-07-14,Lead,Manager
1799,2025-11-04,Director,VP
1801,2024-01-05,Mid,Senior
1803,2020-09-04,Mid,Senior
1803,2024-03-23,Senior,Lead
1804,2021-08-04,Senior,Lead
1804,2022-07-18,Lead,Manager
1804,2023-10-06,Manager,Director
1805,2019-05-16,Mid,Senior
1805,2020-11-15,Senior,Lead
1805,2022-12-02,Lead,Manager
1811,2023-05-21,Senior,Lead
1814,2021-10-14,Mid,Senior
1814,2022-04-10,Senior,Lead
1814,2023-10-27,Lead,Manager
1814,2024-01-25,Manager,Director
1816,2020-01-09,Junior,Mid
1816,2023-02-20,Mid,Senior
1817,2018-07-23,Senior,Lead
1817,2020-02-13,Lead,Manager
1820,2023-03-17,Mid,Senior
1827,2025-02-26,Senior,Lead
1831,2023-10-22,Director,VP
1836,2022-09-19,Director,VP
1840,2024-02-27,Mid,Senior
1842,2023-02-22,Junior,Mid
1843,2024-02-11,Mid,Senior
1846,2023-08-21,Senior,Lead
1848,2017-04-12,Senior,Lead
1853,2022-03-19,Junior,Mid
1855,2024-02-23,Mid,Senior
1856,2017-12-22,Mid,Senior
1856,2020-10-22,Senior,Lead
1856,2021-01-04,Lead,Manager
1856,2023-05-02,Manager,Director
1860,2019-04-13,Junior,Mid
1867,2020-02-15,Junior,Mid
1867,2025-12-15,Mid,Senior
1873,2023-11-21,Mid,Senior
1874,2016-06-14,Lead,Manager
1874,2021-03-09,Manager,Director
1874,2024-05-27,Director,VP
1875,2019-04-19,Junior,Mid
1877,2021-02-08,Mid,Senior
1877,2023-05-27,Senior,Lead
1880,2022-07-06,Mid,Senior
1881,2022-07-22,Junior,Mid
1881,2025-03-16,Mid,Senior
1882,2019-04-25,Intern,Junior
1882,2020-03-27,Junior,Mid
1882,2022-02-24,Mid,Senior
1882,2023-01-28,Senior,Lead
1883,2024-12-22,Mid,Senior
1884,2024-10-20,Junior,Mid
1890,2018-06-16,Mid,Senior
1890,2019-12-13,Senior,Lead
1890,2020-03-03,Lead,Manager
1890,2025-01-24,Manager,Director
1892,2018-06-14,Mid,Senior
1892,2023-07-22,Senior,Lead
1893,2021-03-04,Lead,Manager
1894,2024-01-04,Director,VP
1895,2025-03-01,Mid,Senior
1898,2018-08-16,Intern,Junior
1898,2025-10-09,Junior,Mid
1906,2019-09-12,Mid,Senior
1906,2020-07-27,Senior,Lead
1906,2022-05-12,Lead,Manager
1908,2019-02-13,Lead,Manager
1908,2024-06-05,Manager,Director
1911,2016-08-10,Junior,Mid
1911,2021-08-14,Mid,Senior
1911,2023-04-19,Senior,Lead
1911,2025-08-22,Lead,Manager
1912,2021-08-28,Manager,Director
1915,2020-01-11,Junior,Mid
1919,2020-06-25,Junior,Mid
1919,2023-02-12,Mid,Senior
1919,2024-04-03,Senior,Lead
1920,2025-11-20,Mid,Senior
1921,2020-11-09,Mid,Senior
1921,2022-07-27,Senior,Lead
1923,2021-08-02,Mid,Senior
1930,2024-12-16,Mid,Senior
1934,2024-09-02,Senior,Lead
1935,2024-01-24,Intern,Junior
1936,2018-04-10,Junior,Mid
1938,2022-10-26,Mid,Senior
1938,2023-12-09,Senior,Lead
1938,2024-10-17,Lead,Manager
1938,2025-04-12,Manager,Director
1942,2017-11-07,Mid,Senior
1942,2025-08-02,Senior,Lead
1944,2016-01-27,Junior,Mid
1944,2017-07-05,Mid,Senior
1944,2020-07-10,Senior,Lead
1944,2022-07-24,Lead,Manager
1951,2021-11-19,Manager,Director
1952,2015-07-17,Mid,Senior
1952,2018-05-02,Senior,Lead
1952,2021-06-10,Lead,Manager
1952,2025-02-23,Manager,Director
1955,2022-10-02,Senior,Lead
1956,2024-04-10,Mid,Senior
1956,2025-08-17,Senior,Lead
1958,2025-03-07,Junior,Mid
1959,2025-06-26,Junior,Mid
1960,2025-09-11,Senior,Lead
1962,2020-03-09,Junior,Mid
1963,2016-12-07,Mid,Senior
1963,2019-01-16,Senior,Lead
1964,2021-08-02,Senior,Lead
1964,2024-08-16,Lead,Manager
1969,2024-05-24,Senior,Lead
1970,2020-04-04,Lead,Manager
1971,2022-10-24,Mid,Senior
1974,2016-03-13,Mid,Senior
1974,2020-04-22,Senior,Lead
1974,2022-03-23,Lead,Manager
1974,2023-08-12,Manager,Director
1976,2022-03-28,Junior,Mid
1976,2023-09-27,Mid,Senior
1976,2024-09-01,Senior,Lead
1977,2022-01-13,Senior,Lead
1978,2024-12-24,Mid,Senior
1979,2020-06-14,Intern,Junior
1979,2023-03-07,Junior,Mid
1980,2018-03-05,Junior,Mid
1980,2019-01-12,Mid,Senior
1980,2025-04-05,Senior,Lead
1981,2025-07-25,Mid,Senior
1983,2021-09-06,Junior,Mid
1983,2025-05-26,Mid,Senior
1987,2023-09-17,Junior,Mid
1987,2025-11-24,Mid,Senior
1990,2019-06-01,Mid,Senior
1992,2017-11-24,Junior,Mid
1992,2020-06-14,Mid,Senior
1993,2019-01-01,Junior,Mid
1993,2023-01-27,Mid,Senior
1993,2024-01-27,Senior,Lead
1995,2019-06-28,Mid,Senior
1995,2020-12-22,Senior,Lead
1995,2025-11-18,Lead,Manager
1996,2022-02-16,Director,VP
1997,2019-10-03,Intern,Junior
1997,2024-02-17,Junior,Mid
1998,2024-10-25,Mid,Senior
1999,2024-09-22,Intern,Junior
1999,2025-10-03,Junior,Mid
2000,2024-04-03,Manager,Director
2002,2023-06-15,Mid,Senior
2003,2023-12-24,Mid,Senior
2004,2025-05-09,Senior,Lead
2009,2020-03-13,Mid,Senior
2010,2018-02-02,Junior,Mid
2010,2020-07-12,Mid,Senior
2012,2023-08-19,Mid,Senior
2013,2017-05-04,Senior,Lead
2013,2018-09-14,Lead,Manager
2013,2022-10-27,Manager,Director
2014,2024-07-28,Junior,Mid
2015,2019-05-08,Senior,Lead
2016,2015-09-22,Mid,Senior
2016,2020-07-04,Senior,Lead
2016,2023-11-16,Lead,Manager
2016,2024-06-21,Manager,Director
2017,2021-03-01,Mid,Senior
2017,2025-07-26,Senior,Lead
2022,2024-06-13,Intern,Junior
2024,2022-09-18,Mid,Senior
2024,2024-04-03,Senior,Lead
2024,2025-10-27,Lead,Manager
2028,2025-11-21,Mid,Senior
2029,2024-07-22,Senior,Lead
2030,2021-08-28,Junior,Mid
2032,2024-11-17,Junior,Mid
2032,2025-01-01,Mid,Senior
2033,2023-12-04,Lead,Manager
2033,2024-05-27,Manager,Director
2036,2023-11-21,Lead,Manager
2038,2025-08-05,Mid,Senior
2039,2015-06-23,Mid,Senior
2039,2022-11-18,Senior,Lead
2042,2023-12-23,Mid,Senior
2042,2024-02-20,Senior,Lead
2048,2017-07-24,Manager,Director
2048,2025-10-28,Director,VP
2052,2022-06-15,Mid,Senior
2055,2020-12-22,Mid,Senior
2058,2021-04-19,Senior,Lead
2059,2025-12-03,Senior,Lead
2061,2023-04-21,Junior,Mid
2061,2024-09-12,Mid,Senior
2064,2025-03-03,Mid,Senior
2065,2025-09-26,Manager,Director
2067,2024-10-25,Director,VP
2075,2017-10-27,Mid,Senior
2075,2020-08-10,Senior,Lead
2076,2022-02-23,Mid,Senior
2076,2024-08-25,Senior,Lead
2077,2017-02-14,Mid,Senior
2077,2022-03-21,Senior,Lead
2077,2023-12-25,Lead,Manager
2077,2024-12-25,Manager,Director
2079,2024-12-08,Director,VP
2083,2022-02-01,Mid,Senior
2086,2025-09-28,Mid,Senior
2089,2025-09-19,Senior,Lead
2090,2021-02-09,Junior,Mid
2090,2022-07-27,Mid,Senior
2090,2023-06-12,Senior,Lead
2091,2025-06-12,Mid,Senior
2092,2025-07-07,Manager,Director
2095,2019-02-19,Manager,Director
2095,2023-02-14,Director,VP
2096,2018-04-09,Junior,Mid
2096,2019-02-10,Mid,Senior
2096,2020-06-05,Senior,Lead
2096,2025-05-28,Lead,Manager
2098,2023-11-09,Junior,Mid
2098,2024-04-12,Mid,Senior
2102,2020-01-10,Senior,Lead
2110,2024-06-02,Mid,Senior
2111,2019-03-28,Director,VP
2114,2025-03-17,Mid,Senior
2116,2022-11-20,Junior,Mid
2116,2023-03-09,Mid,Senior
2116,2024-06-04,Senior,Lead
2116,2025-07-16,Lead,Manager
2117,2021-10-26,Junior,Mid
2117,2022-02-04,Mid,Senior
2118,2023-10-04,Lead,Manager
2120,2024-12-25,Junior,Mid
2122,2023-05-23,Manager,Director
2123,2022-02-18,Director,VP
2124,2019-09-14,Lead,Manager
2124,2021-11-10,Manager,Director
2129,2024-07-07,Mid,Senior
2129,2025-08-28,Senior,Lead
2132,2017-05-09,Junior,Mid
2132,2018-08-10,Mid,Senior
2132,2022-12-03,Senior,Lead
2133,2019-03-25,Mid,Senior
2133,2021-06-07,Senior,Lead
2133,2023-03-19,Lead,Manager
2133,2024-04-21,Manager,Director
2134,2024-09-21,Mid,Senior
2136,2020-03-12,Mid,Senior
2137,2022-05-20,Mid,Senior
2138,2021-06-06,Intern,Junior
2138,2025-09-28,Junior,Mid
2140,2025-09-28,Lead,Manager
2143,2025-10-27,Mid,Senior
2144,2015-04-02,Junior,Mid
2144,2016-12-06,Mid,Senior
2144,2025-08-28,Senior,Lead
2145,2023-10-18,Senior,Lead
2152,2022-09-01,Senior,Lead
2153,2024-09-04,Mid,Senior
2155,2025-07-01,Senior,Lead
2156,2019-02-25,Mid,Senior
2157,2025-07-13,Junior,Mid
2158,2020-08-04,Mid,Senior
2158,2021-06-19,Senior,Lead
2158,2023-01-08,Lead,Manager
2158,2024-07-10,Manager,Director
2160,2024-09-23,Mid,Senior
2161,2016-12-27,Junior,Mid
2161,2017-10-23,Mid,Senior
2161,2019-06-22,Senior,Lead
2161,2024-10-20,Lead,Manager
2164,2025-01-15,Mid,Senior
2165,2021-10-05,Junior,Mid
2165,2023-02-21,Mid,Senior
2165,2025-08-06,Senior,Lead
2166,2025-06-11,Senior,Lead
2171,2020-10-09,Senior,Lead
2171,2021-10-23,Lead,Manager
2175,2021-05-08,Director,VP
2176,2024-12-03,Mid,Senior
2176,2025-10-18,Senior,Lead
2178,2021-06-25,Lead,Manager
2182,2025-06-03,Junior,Mid
2188,2023-05-20,Intern,Junior
2188,2024-05-02,Junior,Mid
2188,2025-09-02,Mid,Senior
2191,2023-02-13,Junior,Mid
2191,2024-08-19,Mid,Senior
2193,2025-12-02,Junior,Mid
2199,2022-01-26,Junior,Mid
2199,2023-06-20,Mid,Senior
2199,2024-03-27,Senior,Lead
2199,2025-01-18,Lead,Manager
2201,2017-05-19,Mid,Senior
2201,2021-04-09,Senior,Lead
2201,2022-08-17,Lead,Manager
2205,2025-01-16,Intern,Junior
2208,2025-06-17,Senior,Lead
2209,2024-03-24,Manager,Director
2212,2018-01-09,Mid,Senior
2212,2019-11-05,Senior,Lead
2212,2022-06-20,Lead,Manager
2212,2024-08-14,Manager,Director
2213,2021-02-20,Mid,Senior
2213,2024-07-03,Senior,Lead
2214,2021-06-10,Junior,Mid
2215,2019-12-07,Lead,Manager
2217,2019-05-21,Lead,Manager
2218,2024-08-19,Senior,Lead
2222,2018-11-26,Senior,Lead
2222,2025-10-14,Lead,Manager
2223,2019-06-06,Junior,Mid
2226,2021-06-21,Senior,Lead
2229,2025-04-07,Junior,Mid
2231,2023-01-09,Intern,Junior
2233,2022-02-25,Manager,Director
2234,2022-12-18,Senior,Lead
2234,2025-08-11,Lead,Manager
2237,2016-04-21,Senior,Lead
2237,2017-10-07,Lead,Manager
2237,2021-12-02,Manager,Director
2237,2024-04-05,Director,VP
2238,2020-06-16,Senior,Lead
2247,2021-11-12,Mid,Senior
2251,2021-06-23,Junior,Mid
2251,2023-08-23,Mid,Senior
2251,2025-05-04,Senior,Lead
2253,2021-03-06,Mid,Senior
2253,2022-05-06,Senior,Lead
2255,2023-11-24,Director,VP
2257,2022-10-22,Lead,Manager
2257,2024-10-07,Manager,Director
2258,2023-02-02,Lead,Manager
2259,2019-05-19,Senior,Lead
2261,2017-10-06,Mid,Senior
2261,2019-12-20,Senior,Lead
2261,2021-01-06,Lead,Manager
2261,2024-06-26,Manager,Director
2262,2019-08-26,Lead,Manager
2262,2025-07-11,Manager,Director
2263,2023-04-25,Senior,Lead
2264,2022-05-15,Senior,Lead
2265,2024-07-02,Mid,Senior
2266,2015-11-19,Junior,Mid
2267,2019-11-13,Manager,Director
2269,2024-05-05,Junior,Mid
2273,2025-03-15,Mid,Senior
2275,2021-06-09,Junior,Mid
2280,2019-09-01,Manager,Director
2283,2015-09-22,Mid,Senior
2283,2017-10-27,Senior,Lead
2283,2022-02-17,Lead,Manager
2283,2025-12-07,Manager,Director
2284,2019-01-13,Junior,Mid
2284,2021-09-04,Mid,Senior
2285,2019-08-23,Manager,Director
2285,2023-07-06,Director,VP
2290,2021-06-07,Mid,Senior
2290,2024-11-02,Senior,Lead
2294,2025-03-03,Director,VP
2296,2022-01-18,Mid,Senior
2296,2023-10-17,Senior,Lead
2299,2023-02-26,Lead,Manager
2300,2020-09-06,Mid,Senior
2302,2020-06-23,Senior,Lead
2304,2023-10-01,Junior,Mid
2305,2021-05-22,Mid,Senior
2305,2023-04-14,Senior,Lead
2308,2017-02-20,Mid,Senior
2308,2022-12-09,Senior,Lead
2308,2023-06-25,Lead,Manager
2308,2025-12-16,Manager,Director
2309,2021-01-05,Senior,Lead
2311,2021-01-15,Senior,Lead
2312,2023-12-27,Senior,Lead
2313,2017-09-12,Mid,Senior
2313,2021-05-10,Senior,Lead
2314,2021-01-15,Senior,Lead
2314,2023-11-06,Lead,Manager
2316,2021-10-20,Senior,Lead
2316,2025-04-20,Lead,Manager
2317,2021-12-12,Junior,Mid
2317,2023-05-06,Mid,Senior
2323,2020-02-11,Lead,Manager
2326,2021-07-18,Senior,Lead
2326,2025-09-10,Lead,Manager
2327,2022-08-25,Junior,Mid
2328,2025-09-10,Junior,Mid
2329,2021-02-14,Mid,Senior
2330,2022-08-18,Senior,Lead
2336,2021-08-04,Junior,Mid
2336,2022-07-17,Mid,Senior
2336,2024-08-10,Senior,Lead
2336,2025-08-18,Lead,Manager
2337,2022-01-06,Junior,Mid
2337,2024-11-26,Mid,Senior
2337,2025-09-17,Senior,Lead
2339,2024-02-02,Mid,Senior
2340,2025-02-21,Lead,Manager
2342,2020-03-07,Senior,Lead
2345,2016-08-17,Junior,Mid
2347,2021-07-20,Manager,Director
2347,2024-02-21,Director,VP
2353,2019-12-08,Mid,Senior
2353,2020-04-27,Senior,Lead
2355,2018-03-18,Mid,Senior
2355,2022-05-09,Senior,Lead
2365,2019-07-01,Mid,Senior
2365,2021-09-25,Senior,Lead
2365,2024-03-08,Lead,Manager
2366,2017-11-09,Junior,Mid
2366,2021-07-11,Mid,Senior
2368,2024-07-20,Mid,Senior
2368,2025-01-07,Senior,Lead
2372,2024-03-09,Mid,Senior
2372,2025-02-25,Senior,Lead
2374,2017-03-06,Mid,Senior
2374,2019-09-24,Senior,Lead
2374,2020-05-14,Lead,Manager
2377,2023-04-05,Intern,Junior
2378,2023-12-22,Mid,Senior
2378,2024-03-03,Senior,Lead
2379,2024-05-15,Mid,Senior
2386,2021-09-28,Mid,Senior
2386,2023-06-21,Senior,Lead
2386,2025-01-17,Lead,Manager
2391,2021-12-22,Junior,Mid
2391,2022-07-16,Mid,Senior
2391,2024-06-17,Senior,Lead
2391,2025-06-19,Lead,Manager
2395,2023-09-24,Mid,Senior
2396,2025-10-24,Junior,Mid
2400,2022-03-09,Mid,Senior
2401,2017-08-05,Mid,Senior
2401,2022-01-03,Senior,Lead
2401,2025-08-28,Lead,Manager
2403,2019-05-16,Director,VP
2404,2021-02-23,Junior,Mid
2404,2023-07-16,Mid,Senior
2404,2024-11-16,Senior,Lead
2407,2023-01-18,Junior,Mid
2408,2023-12-11,Mid,Senior
2408,2024-11-01,Senior,Lead
2408,2025-04-20,Lead,Manager
2412,2023-12-12,Senior,Lead
2416,2025-12-22,Junior,Mid
2418,2022-04-02,Director,VP
2419,2025-10-03,Junior,Mid
2421,2017-02-18,Mid,Senior
2421,2018-06-03,Senior,Lead
2421,2020-01-04,Lead,Manager
2422,2025-06-11,Mid,Senior
2423,2022-01-05,Senior,Lead
2427,2025-08-25,Lead,Manager
2429,2017-07-15,Junior,Mid
2429,2019-08-25,Mid,Senior
2429,2025-06-26,Senior,Lead
2430,2022-07-24,Junior,Mid
2430,2023-06-21,Mid,Senior
2430,2024-08-10,Senior,Lead
2432,2017-10-03,Mid,Senior
2434,2024-09-03,Mid,Senior
2434,2025-02-26,Senior,Lead
2435,2018-11-09,Junior,Mid
2435,2021-02-19,Mid,Senior
2438,2025-09-03,Mid,Senior
2439,2021-11-10,Senior,Lead
2440,2023-05-16,Mid,Senior
2449,2019-09-05,Intern,Junior
2449,2021-06-24,Junior,Mid
2458,2025-02-02,Senior,Lead
2461,2020-08-22,Mid,Senior
2464,2024-06-23,Mid,Senior
2465,2015-07-26,Senior,Lead
2465,2020-11-15,Lead,Manager
2465,2021-09-07,Manager,Director
2467,2025-05-02,Mid,Senior
2468,2022-08-14,Mid,Senior
2473,2024-10-05,Mid,Senior
2476,2024-01-12,Junior,Mid
2477,2021-01-04,Mid,Senior
2481,2018-06-20,Intern,Junior
2481,2021-04-23,Junior,Mid
2484,2025-11-25,Mid,Senior
2489,2023-04-20,Intern,Junior
2490,2024-02-14,Junior,Mid
2490,2025-04-18,Mid,Senior
2491,2021-08-07,Junior,Mid
2491,2023-08-24,Mid,Senior
2492,2022-02-10,Director,VP
2494,2023-07-11,Mid,Senior
2494,2025-01-22,Senior,Lead
2498,2020-01-23,Mid,Senior
2499,2025-04-14,Senior,Lead
2500,2021-01-22,Junior,Mid
2500,2025-05-08,Mid,Senior
2504,2021-11-19,Mid,Senior
2509,2019-09-21,Mid,Senior
2509,2022-01-20,Senior,Lead
2510,2024-05-21,Junior,Mid
2516,2024-09-25,Junior,Mid
2516,2025-11-26,Mid,Senior
2519,2023-05-25,Junior,Mid
2520,2022-07-12,Director,VP
2521,2016-06-05,Mid,Senior
2521,2017-08-26,Senior,Lead
2521,2023-10-05,Lead,Manager
2521,2024-01-02,Manager,Director
2522,2024-01-13,Lead,Manager
2526,2018-11-05,Mid,Senior
2526,2023-06-28,Senior,Lead
2530,2020-08-20,Senior,Lead
2530,2023-08-23,Lead,Manager
2531,2019-07-14,Intern,Junior
2531,2020-02-15,Junior,Mid
2531,2021-09-01,Mid,Senior
2531,2022-09-23,Senior,Lead
2533,2025-07-05,Mid,Senior
2535,2021-02-05,Lead,Manager
2535,2025-03-27,Manager,Director
2536,2022-07-24,Junior,Mid
2538,2024-09-01,Mid,Senior
2542,2025-05-10,Mid,Senior
2544,2019-02-05,Mid,Senior
2544,2021-04-08,Senior,Lead
2544,2022-02-28,Lead,Manager
2544,2024-06-28,Manager,Director
2547,2023-11-08,Senior,Lead
2548,2017-11-28,Mid,Senior
2548,2018-04-21,Senior,Lead
2548,2019-03-15,Lead,Manager
2548,2020-09-13,Manager,Director
2549,2021-06-21,Mid,Senior
2549,2023-11-01,Senior,Lead
2550,2023-03-11,Manager,Director
2552,2025-02-25,Junior,Mid
2554,2019-03-25,Mid,Senior
2554,2021-02-01,Senior,Lead
2554,2023-03-02,Lead,Manager
2557,2022-01-28,Lead,Manager
2559,2017-02-02,Mid,Senior
2561,2023-12-14,Mid,Senior
2562,2023-05-10,Mid,Senior
2564,2025-07-09,Junior,Mid
2566,2022-06-21,Junior,Mid
2566,2023-03-02,Mid,Senior
2568,2024-07-05,Mid,Senior
2568,2025-08-08,Senior,Lead
2569,2019-03-28,Intern,Junior
2569,2022-03-11,Junior,Mid
2569,2025-01-14,Mid,Senior
2570,2021-07-16,Lead,Manager
2570,2022-06-25,Manager,Director
2570,2024-01-08,Director,VP
2573,2023-10-16,Mid,Senior
2576,2022-10-19,Mid,Senior
2576,2023-04-27,Senior,Lead
2576,2024-05-02,Lead,Manager
2576,2025-11-19,Manager,Director
2583,2025-08-13,Senior,Lead
2585,2024-05-05,Mid,Senior
2587,2018-03-28,Mid,Senior
2587,2019-03-25,Senior,Lead
2587,2022-03-03,Lead,Manager
2592,2019-05-02,Mid,Senior
2592,2025-05-19,Senior,Lead
2593,2025-02-16,Junior,Mid
2595,2019-06-18,Junior,Mid
2595,2021-06-17,Mid,Senior
2595,2023-03-15,Senior,Lead
2600,2025-09-19,Intern,Junior
2601,2022-09-04,Director,VP
2604,2022-07-04,Senior,Lead
2605,2022-01-16,Junior,Mid
2605,2024-05-26,Mid,Senior
2610,2020-07-17,Junior,Mid
2610,2021-04-21,Mid,Senior
2610,2024-02-12,Senior,Lead
2610,2025-07-06,Lead,Manager
2612,2018-06-09,Mid,Senior
2612,2020-04-11,Senior,Lead
2612,2025-03-28,Lead,Manager
2615,2018-01-27,Mid,Senior
2617,2023-06-14,Mid,Senior
2618,2024-02-17,Mid,Senior
2619,2019-06-01,Mid,Senior
2620,2023-04-04,Mid,Senior
2621,2019-06-09,Mid,Senior
2622,2018-11-19,Junior,Mid
2623,2023-09-21,Lead,Manager
2629,2019-03-04,Intern,Junior
2629,2021-09-02,Junior,Mid
2631,2025-12-24,Junior,Mid
2632,2020-09-07,Senior,Lead
2632,2021-01-14,Lead,Manager
2634,2023-04-15,Junior,Mid
2635,2019-09-20,Junior,Mid
2638,2025-04-11,Junior,Mid
2639,2022-11-13,Mid,Senior
2641,2024-01-11,Senior,Lead
2641,2025-09-16,Lead,Manager
2643,2019-03-02,Lead,Manager
2643,2022-04-08,Manager,Director
2647,2024-06-22,Mid,Senior
2647,2025-12-14,Senior,Lead
2648,2015-09-23,Junior,Mid
2648,2016-06-28,Mid,Senior
2648,2022-12-04,Senior,Lead
2648,2025-04-23,Lead,Manager
2652,2020-03-18,Lead,Manager
2653,2023-02-13,Manager,Director
2657,2022-08-01,Mid,Senior
2657,2023-06-22,Senior,Lead
2657,2024-05-22,Lead,Manager
2657,2025-10-04,Manager,Director
2663,2021-08-12,Mid,Senior
2664,2020-11-20,Senior,Lead
2664,2022-06-14,Lead,Manager
2664,2025-06-04,Manager,Director
2669,2021-11-25,Junior,Mid
2669,2022-07-03,Mid,Senior
2670,2025-04-25,Mid,Senior
2671,2020-06-22,Mid,Senior
2671,2022-03-28,Senior,Lead
2671,2025-10-04,Lead,Manager
2672,2022-02-25,Mid,Senior
2672,2023-12-03,Senior,Lead
2672,2025-12-13,Lead,Manager
2674,2019-04-05,Mid,Senior
2674,2020-01-15,Senior,Lead
2677,2021-11-03,Lead,Manager
2677,2025-09-23,Manager,Director
2679,2019-10-26,Junior,Mid
2679,2021-10-19,Mid,Senior
2682,2024-02-10,Mid,Senior
2683,2024-02-06,Mid,Senior
2683,2025-03-17,Senior,Lead
2684,2019-01-18,Mid,Senior
2685,2022-01-01,Junior,Mid
2685,2023-05-21,Mid,Senior
2685,2024-10-06,Senior,Lead
2685,2025-05-13,Lead,Manager
2688,2023-03-13,Mid,Senior
2688,2024-04-04,Senior,Lead
2689,2021-11-25,Mid,Senior
2689,2022-03-24,Senior,Lead
2693,2023-04-28,Mid,Senior
2693,2025-06-19,Senior,Lead
2694,2021-02-06,Mid,Senior
2694,2024-02-05,Senior,Lead
2695,2025-06-20,Senior,Lead
2697,2016-09-26,Mid,Senior
2697,2023-09-16,Senior,Lead
2697,2024-01-23,Lead,Manager
2697,2025-06-16,Manager,Director
2699,2017-02-09,Junior,Mid
2699,2018-07-19,Mid,Senior
2699,2025-10-09,Senior,Lead
2700,2024-02-14,Mid,Senior
2701,2015-06-26,Mid,Senior
2701,2019-04-20,Senior,Lead
2702,2023-12-01,Lead,Manager
2705,2024-03-28,Mid,Senior
2710,2019-01-09,Junior,Mid
2710,2022-07-11,Mid,Senior
2710,2023-05-11,Senior,Lead
2710,2025-07-11,Lead,Manager
2712,2024-11-26,Mid,Senior
2716,2024-01-10,Mid,Senior
2716,2025-11-18,Senior,Lead
2717,2025-02-06,Intern,Junior
2718,2025-12-19,Mid,Senior
2722,2020-12-10,Senior,Lead
2722,2022-06-16,Lead,Manager
2722,2024-05-23,Manager,Director
2724,2021-10-05,Mid,Senior
2725,2020-10-08,Junior,Mid
2728,2016-12-13,Manager,Director
2728,2021-02-10,Director,VP
2730,2021-09-04,Mid,Senior
2730,2024-11-03,Senior,Lead
2730,2025-01-13,Lead,Manager
2732,2022-12-20,Lead,Manager
2738,2023-01-16,Lead,Manager
2739,2025-03-21,Senior,Lead
2741,2025-01-03,Junior,Mid
2743,2020-06-08,Senior,Lead
2743,2023-08-10,Lead,Manager
2744,2025-02-26,Senior,Lead
2748,2025-11-21,Mid,Senior
2749,2025-10-28,Manager,Director
2750,2020-06-02,Mid,Senior
2750,2022-06-20,Senior,Lead
2752,2024-05-03,Junior,Mid
2752,2025-09-15,Mid,Senior
2755,2024-10-16,Mid,Senior
2760,2024-06-19,Junior,Mid
2761,2018-10-14,Lead,Manager
2761,2019-01-27,Manager,Director
2761,2022-06-09,Director,VP
2762,2019-05-16,Mid,Senior
2762,2021-04-27,Senior,Lead
2762,2023-01-17,Lead,Manager
2762,2024-08-18,Manager,Director
2765,2015-03-22,Junior,Mid
2765,2024-02-02,Mid,Senior
2766,2019-01-14,Junior,Mid
2766,2022-03-15,Mid,Senior
2766,2024-05-22,Senior,Lead
2766,2025-02-24,Lead,Manager
2771,2018-05-27,Junior,Mid
2771,2021-06-22,Mid,Senior
2771,2024-06-15,Senior,Lead
2771,2025-12-10,Lead,Manager
2775,2025-01-22,Mid,Senior
2777,2025-04-11,Junior,Mid
2779,2017-04-08,Mid,Senior
2779,2019-04-03,Senior,Lead
2782,2018-11-18,Junior,Mid
2783,2021-02-07,Mid,Senior
2783,2022-03-25,Senior,Lead
2783,2023-12-09,Lead,Manager
2783,2024-07-11,Manager,Director
2784,2025-05-14,Mid,Senior
2786,2022-08-27,Manager,Director
2786,2024-08-26,Director,VP
2789,2020-04-06,Junior,Mid
2789,2023-02-12,Mid,Senior
2790,2021-03-27,Lead,Manager
2793,2021-09-03,Junior,Mid
2793,2024-09-08,Mid,Senior
2794,2022-01-22,Senior,Lead
2794,2023-09-19,Lead,Manager
2799,2021-10-05,Mid,Senior
2799,2022-09-23,Senior,Lead
2800,2015-10-26,Mid,Senior
2800,2017-12-28,Senior,Lead
2800,2021-04-20,Lead,Manager
2802,2019-12-07,Junior,Mid
2802,2020-12-24,Mid,Senior
2802,2022-04-01,Senior,Lead
2803,2016-09-16,Manager,Director
2804,2022-04-01,Junior,Mid
2804,2023-01-18,Mid,Senior
2804,2024-02-26,Senior,Lead
2807,2019-07-07,Senior,Lead
2807,2020-05-17,Lead,Manager
2809,2018-09-21,Mid,Senior
2809,2019-09-18,Senior,Lead
2809,2022-02-13,Lead,Manager
2810,2017-07-08,Manager,Director
2811,2020-04-28,Mid,Senior
2811,2022-03-07,Senior,Lead
2811,2024-09-08,Lead,Manager
2813,2024-12-10,Senior,Lead
2814,2023-09-02,Mid,Senior
2814,2024-03-08,Senior,Lead
2814,2025-12-24,Lead,Manager
2815,2017-05-08,Lead,Manager
2816,2021-10-02,Junior,Mid
2818,2020-03-03,Senior,Lead
2819,2018-03-28,Mid,Senior
2819,2024-06-11,Senior,Lead
2822,2025-11-12,Intern,Junior
2824,2023-10-27,Mid,Senior
2824,2025-07-14,Senior,Lead
2828,2025-03-25,Mid,Senior
2829,2024-06-14,Lead,Manager
2833,2017-03-04,Mid,Senior
2833,2021-05-13,Senior,Lead
2833,2022-04-02,Lead,Manager
2833,2025-08-02,Manager,Director
2836,2025-04-03,Mid,Senior
2837,2023-05-16,Senior,Lead
2840,2022-10-07,Junior,Mid
2840,2023-11-19,Mid,Senior
2840,2024-04-09,Senior,Lead
2840,2025-10-23,Lead,Manager
2848,2022-07-24,Senior,Lead
2848,2025-08-02,Lead,Manager
2849,2024-08-08,Director,VP
2854,2022-10-04,Mid,Senior
2854,2024-12-14,Senior,Lead
2854,2025-03-15,Lead,Manager
2856,2021-10-17,Mid,Senior
2856,2023-03-07,Senior,Lead
2859,2019-09-15,Mid,Senior
2859,2021-09-25,Senior,Lead
2859,2023-02-24,Lead,Manager
2859,2024-07-05,Manager,Director
2864,2024-05-25,Mid,Senior
2866,2020-11-13,Senior,Lead
2866,2024-11-04,Lead,Manager
2870,2020-12-24,Mid,Senior
2870,2021-08-15,Senior,Lead
2872,2025-04-13,Mid,Senior
2873,2024-11-18,Mid,Senior
2874,2024-09-19,Senior,Lead
2875,2024-10-01,Mid,Senior
2875,2025-08-16,Senior,Lead
2878,2022-12-03,Mid,Senior
2881,2024-03-06,Mid,Senior
2884,2024-09-14,Mid,Senior
2888,2024-10-06,Mid,Senior
2888,2025-04-22,Senior,Lead
2889,2015-05-06,Junior,Mid
2889,2023-08-07,Mid,Senior
2889,2025-06-19,Senior,Lead
2893,2025-07-23,Lead,Manager
2898,2025-07-18,Mid,Senior
2901,2018-12-23,Junior,Mid
2901,2019-07-10,Mid,Senior
2901,2020-03-07,Senior,Lead
2901,2024-09-06,Lead,Manager
2902,2023-11-23,Manager,Director
2902,2025-07-06,Director,VP
2905,2023-02-03,Senior,Lead
2905,2025-04-19,Lead,Manager
2906,2020-07-10,Mid,Senior
2906,2021-10-11,Senior,Lead
2906,2024-01-27,Lead,Manager
2908,2023-03-02,Mid,Senior
2908,2024-12-22,Senior,Lead
2908,2025-12-07,Lead,Manager
2911,2023-09-19,Mid,Senior
2911,2024-10-10,Senior,Lead
2912,2018-01-09,Senior,Lead
2914,2024-05-14,Junior,Mid
2918,2020-06-07,Mid,Senior
2918,2023-11-18,Senior,Lead
2922,2021-09-01,Senior,Lead
2923,2017-02-26,Director,VP
2930,2024-09-16,Junior,Mid
2930,2025-09-03,Mid,Senior
2931,2024-07-15,Senior,Lead
2933,2022-02-15,Junior,Mid
2935,2024-10-05,Lead,Manager
2935,2025-05-16,Manager,Director
2937,2016-04-09,Junior,Mid
2937,2022-01-13,Mid,Senior
2937,2023-10-27,Senior,Lead
2939,2025-09-21,Mid,Senior
2940,2020-04-21,Mid,Senior
2940,2021-09-14,Senior,Lead
2940,2024-01-16,Lead,Manager
2941,2025-07-05,Mid,Senior
2943,2019-08-20,Mid,Senior
2943,2023-12-08,Senior,Lead
2943,2025-02-13,Lead,Manager
2944,2021-12-13,Mid,Senior
2944,2022-12-04,Senior,Lead
2944,2024-03-17,Lead,Manager
2944,2025-01-14,Manager,Director
2948,2025-12-18,Lead,Manager
2949,2024-11-18,Manager,Director
2951,2025-04-18,Lead,Manager
2953,2020-09-17,Manager,Director
2957,2018-05-28,Senior,Lead
2961,2017-08-15,Mid,Senior
2961,2020-08-07,Senior,Lead
2961,2024-01-18,Lead,Manager
2961,2025-09-03,Manager,Director
2962,2024-08-15,Junior,Mid
2962,2025-01-12,Mid,Senior
2964,2016-03-23,Junior,Mid
2964,2019-06-17,Mid,Senior
2964,2020-09-17,Senior,Lead
2966,2024-05-06,Mid,Senior
2967,2024-11-10,Junior,Mid
2971,2019-10-21,Junior,Mid
2971,2020-11-11,Mid,Senior
2974,2021-01-04,Junior,Mid
2974,2023-03-03,Mid,Senior
2974,2024-08-18,Senior,Lead
2974,2025-06-14,Lead,Manager
2978,2019-07-15,Mid,Senior
2978,2020-08-12,Senior,Lead
2978,2022-07-10,Lead,Manager
2978,2024-07-20,Manager,Director
2980,2021-04-03,Junior,Mid
2980,2023-10-19,Mid,Senior
2981,2023-05-13,Junior,Mid
2985,2024-12-26,Mid,Senior
2986,2024-04-05,Senior,Lead
2987,2018-04-16,Mid,Senior
2987,2019-03-09,Senior,Lead
2990,2016-07-19,Senior,Lead
2990,2023-03-15,Lead,Manager
2990,2024-05-12,Manager,Director
2997,2025-03-25,Junior,Mid
2999,2024-07-02,Mid,Senior
3001,2021-07-03,Manager,Director
3001,2025-07-02,Director,VP
3004,2020-02-27,Senior,Lead
3004,2023-04-20,Lead,Manager
3012,2025-09-10,Senior,Lead
3016,2024-11-27,Lead,Manager
3017,2022-03-28,Mid,Senior
3018,2025-05-02,Senior,Lead
3020,2019-08-03,Intern,Junior
3021,2021-02-12,Junior,Mid
3021,2022-03-17,Mid,Senior
3021,2025-01-24,Senior,Lead
3024,2020-06-25,Mid,Senior
3024,2024-04-22,Senior,Lead
3024,2025-09-03,Lead,Manager
3028,2025-06-21,Mid,Senior
3029,2015-03-10,Lead,Manager
3030,2018-10-11,Lead,Manager
3030,2020-10-06,Manager,Director
3030,2025-11-09,Director,VP
3035,2022-07-22,Mid,Senior
3035,2023-01-06,Senior,Lead
3035,2024-09-20,Lead,Manager
3035,2025-11-23,Manager,Director
3037,2025-09-04,Director,VP
3040,2023-09-08,Lead,Manager
3043,2021-06-26,Lead,Manager
3043,2023-07-14,Manager,Director
3045,2023-10-13,Senior,Lead
3045,2024-05-22,Lead,Manager
3046,2023-12-03,Junior,Mid
3046,2025-08-18,Mid,Senior
3051,2024-08-07,Senior,Lead
3052,2018-06-21,Mid,Senior
3052,2023-07-11,Senior,Lead
3052,2024-09-19,Lead,Manager
3052,2025-12-18,Manager,Director
3059,2021-06-21,Mid,Senior
3066,2017-04-25,Mid,Senior
3066,2023-10-15,Senior,Lead
3066,2024-07-17,Lead,Manager
3069,2024-01-19,Intern,Junior
3074,2018-10-04,Mid,Senior
3074,2019-07-27,Senior,Lead
3074,2022-03-14,Lead,Manager
3074,2024-10-14,Manager,Director
3076,2024-03-13,Director,VP
3078,2019-07-16,Mid,Senior
3078,2020-09-23,Senior,Lead
3078,2021-10-15,Lead,Manager
3078,2023-03-14,Manager,Director
3079,2017-11-12,Mid,Senior
3079,2018-05-03,Senior,Lead
3079,2021-07-09,Lead,Manager
3079,2023-07-01,Manager,Director
3081,2025-04-02,Manager,Director
3082,2024-09-28,Senior,Lead
3083,2018-05-21,Mid,Senior
3083,2024-02-10,Senior,Lead
3084,2022-03-03,Junior,Mid
3084,2023-08-01,Mid,Senior
3084,2024-05-27,Senior,Lead
3089,2018-04-02,Mid,Senior
3096,2016-02-22,Mid,Senior
3096,2018-01-05,Senior,Lead
3096,2025-02-08,Lead,Manager
3098,2024-07-01,Lead,Manager
3105,2021-07-03,Mid,Senior
3107,2021-01-04,Senior,Lead
3111,2024-09-15,Senior,Lead
3111,2025-03-13,Lead,Manager
3115,2018-07-22,Senior,Lead
3115,2022-08-27,Lead,Manager
3116,2025-04-01,Junior,Mid
3117,2025-09-12,Manager,Director
3118,2021-05-04,Senior,Lead
3118,2024-03-17,Lead,Manager
3120,2022-02-22,Lead,Manager
3124,2022-06-19,Junior,Mid
3124,2024-11-06,Mid,Senior
3125,2019-12-19,Mid,Senior
3125,2020-02-10,Senior,Lead
3125,2024-04-06,Lead,Manager
3127,2025-06-03,Mid,Senior
3128,2020-02-07,Lead,Manager
3129,2025-12-12,Senior,Lead
3130,2022-06-16,Mid,Senior
3130,2023-01-16,Senior,Lead
3131,2024-12-09,Manager,Director
3134,2024-03-03,Junior,Mid
3136,2021-12-16,Manager,Director
3138,2025-01-26,Senior,Lead
3139,2024-09-07,Junior,Mid
3139,2025-03-01,Mid,Senior
3141,2020-11-03,Senior,Lead
3141,2022-12-17,Lead,Manager
3143,2019-08-03,Mid,Senior
3143,2020-04-24,Senior,Lead
3143,2021-01-10,Lead,Manager
3143,2022-03-28,Manager,Director
3144,2025-12-19,Mid,Senior
3147,2019-03-12,Junior,Mid
3147,2022-04-27,Mid,Senior
3148,2024-05-18,Mid,Senior
3148,2025-11-21,Senior,Lead
3151,2021-06-03,Senior,Lead
3152,2020-04-03,Mid,Senior
3152,2021-06-20,Senior,Lead
3152,2022-11-26,Lead,Manager
3152,2024-12-20,Manager,Director
3153,2024-09-24,Mid,Senior
3155,2024-06-08,Lead,Manager
3157,2017-07-05,Mid,Senior
3157,2022-02-20,Senior,Lead
3157,2024-09-19,Lead,Manager
3158,2023-07-10,Mid,Senior
3159,2025-11-09,Junior,Mid
3160,2025-07-23,Manager,Director
3161,2023-11-09,Mid,Senior
3163,2022-12-21,Director,VP
3167,2024-04-11,Mid,Senior
3171,2019-03-08,Intern,Junior
3171,2025-03-09,Junior,Mid
3172,2019-03-25,Mid,Senior
3172,2021-01-10,Senior,Lead
3172,2024-04-19,Lead,Manager
3174,2025-02-24,Junior,Mid
3176,2023-05-16,Lead,Manager
3176,2025-07-20,Manager,Director
3177,2022-04-06,Manager,Director
3178,2021-11-22,Intern,Junior
3178,2022-09-16,Junior,Mid
3181,2022-11-07,Mid,Senior
3181,2025-09-14,Senior,Lead
3182,2020-04-27,Junior,Mid
3190,2022-10-15,Mid,Senior
3190,2024-05-03,Senior,Lead
3191,2020-03-08,Mid,Senior
3191,2022-06-05,Senior,Lead
3191,2024-12-26,Lead,Manager
3194,2023-12-11,Lead,Manager
3195,2020-11-19,Mid,Senior
3195,2021-07-22,Senior,Lead
3195,2022-01-23,Lead,Manager
3195,2023-06-13,Manager,Director
3196,2025-12-09,Lead,Manager
3197,2018-04-28,Mid,Senior
3197,2021-08-07,Senior,Lead
3198,2021-03-08,Senior,Lead
3198,2022-05-21,Lead,Manager
3198,2023-03-12,Manager,Director
3198,2025-04-24,Director,VP
3203,2021-09-16,Director,VP
3205,2023-08-02,Senior,Lead
3205,2024-08-02,Lead,Manager
3206,2023-04-25,Senior,Lead
3208,2015-07-02,Junior,Mid
3208,2018-01-20,Mid,Senior
3208,2022-08-10,Senior,Lead
3208,2024-10-01,Lead,Manager
3210,2021-10-27,Junior,Mid
3210,2022-05-02,Mid,Senior
3210,2023-01-10,Senior,Lead
3210,2025-09-20,Lead,Manager
3211,2023-10-12,Mid,Senior
3216,2023-10-01,Junior,Mid
3216,2025-05-01,Mid,Senior
3218,2025-12-26,Intern,Junior
3219,2023-10-10,Lead,Manager
3219,2025-04-09,Manager,Director
3220,2024-11-20,Senior,Lead
3224,2024-03-07,Mid,Senior
3226,2025-09-15,Manager,Director
3231,2023-04-26,Junior,Mid
3232,2022-05-08,Senior,Lead
3234,2018-05-10,Mid,Senior
3234,2022-12-05,Senior,Lead
3236,2022-06-23,Junior,Mid
3237,2017-06-09,Mid,Senior
3237,2019-06-01,Senior,Lead
3237,2020-11-11,Lead,Manager
3237,2022-12-22,Manager,Director
3238,2021-12-17,Mid,Senior
3241,2020-03-15,Mid,Senior
3243,2025-10-11,Mid,Senior
3244,2023-02-01,Director,VP
3248,2019-05-20,Senior,Lead
3248,2023-02-14,Lead,Manager
3254,2025-04-07,Junior,Mid
3257,2018-01-15,Lead,Manager
3257,2022-12-16,Manager,Director
3257,2023-09-20,Director,VP
3258,2023-01-23,Junior,Mid
3260,2024-06-02,Mid,Senior
3260,2025-10-18,Senior,Lead
3261,2020-01-12,Manager,Director
3262,2022-09-10,Junior,Mid
3262,2025-04-19,Mid,Senior
3264,2022-09-10,Senior,Lead
3265,2022-01-04,Junior,Mid
3268,2018-12-15,Senior,Lead
3268,2020-11-13,Lead,Manager
3268,2021-02-10,Manager,Director
3269,2024-07-16,Junior,Mid
3269,2025-08-25,Mid,Senior
3270,2019-05-20,Mid,Senior
3270,2022-02-07,Senior,Lead
3272,2022-03-12,Mid,Senior
3273,2023-01-12,Mid,Senior
3274,2021-08-07,Junior,Mid
3275,2023-01-25,Lead,Manager
3275,2025-01-01,Manager,Director
3276,2024-08-13,Senior,Lead
3276,2025-01-13,Lead,Manager
3281,2021-02-23,Senior,Lead
3281,2022-10-09,Lead,Manager
3284,2019-09-10,Mid,Senior
3284,2025-10-22,Senior,Lead
3286,2017-01-19,Junior,Mid
3286,2019-08-08,Mid,Senior
3286,2022-04-07,Senior,Lead
3290,2022-12-05,Junior,Mid
3291,2015-05-19,Mid,Senior
3291,2016-07-28,Senior,Lead
3291,2022-06-19,Lead,Manager
3291,2024-02-08,Manager,Director
3292,2020-07-26,Lead,Manager
3292,2022-12-18,Manager,Director
3293,2019-02-08,Intern,Junior
3293,2021-11-19,Junior,Mid
3295,2023-08-01,Junior,Mid
3295,2025-04-03,Mid,Senior
3296,2025-01-28,Mid,Senior
3297,2024-08-09,Director,VP
3298,2020-01-03,Mid,Senior
3298,2025-07-11,Senior,Lead
3300,2023-06-11,Mid,Senior
3300,2025-11-22,Senior,Lead
3303,2016-10-26,Lead,Manager
3303,2021-12-26,Manager,Director
3303,2022-05-11,Director,VP
3306,2021-01-17,Senior,Lead
3306,2023-06-24,Lead,Manager
3306,2025-04-17,Manager,Director
3309,2020-12-20,Manager,Director
3309,2021-10-02,Director,VP
3313,2019-06-15,Mid,Senior
3313,2024-05-23,Senior,Lead
3316,2024-08-02,Junior,Mid
3318,2022-09-06,Mid,Senior
3319,2018-01-03,Director,VP
3323,2023-09-18,Junior,Mid
3324,2019-02-23,Senior,Lead
3329,2020-09-07,Mid,Senior
3329,2023-10-21,Senior,Lead
3329,2024-11-13,Lead,Manager
3330,2017-06-03,Mid,Senior
3330,2020-11-05,Senior,Lead
3333,2021-07-27,Mid,Senior
3334,2024-03-19,Mid,Senior
3334,2025-03-05,Senior,Lead
3338,2017-01-14,Junior,Mid
3338,2019-07-15,Mid,Senior
3338,2021-06-09,Senior,Lead
3338,2023-10-21,Lead,Manager
3341,2023-09-25,Junior,Mid
3341,2024-12-17,Mid,Senior
3341,2025-04-01,Senior,Lead
3343,2024-10-10,Intern,Junior
3343,2025-03-15,Junior,Mid
3346,2021-08-05,Mid,Senior
3347,2024-10-28,Senior,Lead
3351,2022-03-04,Senior,Lead
3351,2023-01-07,Lead,Manager
3354,2022-03-16,Mid,Senior
3356,2024-08-04,Mid,Senior
3361,2022-11-20,Senior,Lead
3364,2022-07-21,Lead,Manager
3365,2025-09-13,Junior,Mid
3366,2016-01-14,Mid,Senior
3366,2020-07-26,Senior,Lead
3366,2021-02-05,Lead,Manager
3366,2022-05-12,Manager,Director
3367,2019-01-15,Mid,Senior
3367,2020-07-06,Senior,Lead
3367,2021-12-04,Lead,Manager
3367,2024-01-19,Manager,Director
3370,2022-04-03,Mid,Senior
3370,2023-05-03,Senior,Lead
3372,2020-05-05,Junior,Mid
3372,2023-10-26,Mid,Senior
3372,2024-07-24,Senior,Lead
3374,2021-01-14,Senior,Lead
3374,2022-01-10,Lead,Manager
3375,2015-11-03,Mid,Senior
3375,2017-05-05,Senior,Lead
3375,2019-02-04,Lead,Manager
3376,2025-04-14,Mid,Senior
3377,2025-08-02,Intern,Junior
3378,2022-08-02,Mid,Senior
3378,2023-07-22,Senior,Lead
3378,2024-05-22,Lead,Manager
3378,2025-11-19,Manager,Director
3379,2022-09-23,Mid,Senior
3379,2025-10-12,Senior,Lead
3380,2018-02-05,Senior,Lead
3380,2023-12-02,Lead,Manager
3383,2023-10-09,Mid,Senior
3385,2021-08-26,Junior,Mid
3385,2023-05-19,Mid,Senior
3386,2020-02-14,Senior,Lead
3386,2024-12-09,Lead,Manager
3388,2024-06-20,Mid,Senior
3392,2025-09-08,Senior,Lead
3393,2021-05-03,Junior,Mid
3393,2024-01-18,Mid,Senior
3393,2025-01-16,Senior,Lead
3395,2025-05-12,Senior,Lead
3396,2020-01-07,Junior,Mid
3396,2023-02-05,Mid,Senior
3396,2024-12-27,Senior,Lead
3396,2025-02-12,Lead,Manager
3399,2024-02-14,Mid,Senior
3400,2025-01-04,Senior,Lead
3403,2023-05-27,Manager,Director
3407,2021-02-04,Junior,Mid
3407,2023-08-08,Mid,Senior
3409,2023-11-19,Junior,Mid
3409,2024-10-13,Mid,Senior
3410,2023-12-22,Mid,Senior
3410,2024-07-13,Senior,Lead
3410,2025-12-13,Lead,Manager
3414,2019-12-04,Senior,Lead
3414,2020-12-05,Lead,Manager
3414,2023-01-11,Manager,Director
3417,2019-06-08,Mid,Senior
3417,2022-04-23,Senior,Lead
3417,2023-04-14,Lead,Manager
3417,2024-10-09,Manager,Director
3423,2025-09-24,Senior,Lead
3426,2020-01-23,Manager,Director
3426,2023-12-20,Director,VP
3428,2015-04-04,Junior,Mid
3430,2023-09-19,Mid,Senior
3431,2023-05-07,Mid,Senior
3431,2024-12-12,Senior,Lead
3433,2025-09-17,Senior,Lead
3437,2019-07-09,Lead,Manager
3437,2023-09-03,Manager,Director
3438,2025-05-28,Lead,Manager
3439,2020-10-26,Mid,Senior
3439,2023-04-22,Senior,Lead
3440,2020-08-23,Intern,Junior
3440,2022-12-17,Junior,Mid
3440,2024-11-22,Mid,Senior
3441,2024-11-21,Mid,Senior
3446,2018-02-19,Mid,Senior
3446,2022-12-24,Senior,Lead
3451,2022-05-02,Mid,Senior
3451,2023-12-25,Senior,Lead
3451,2024-02-26,Lead,Manager
3451,2025-05-15,Manager,Director
3452,2022-11-22,Manager,Director
3452,2025-09-09,Director,VP
3454,2018-02-06,Mid,Senior
3454,2020-02-21,Senior,Lead
3454,2022-11-16,Lead,Manager
3459,2022-12-06,Junior,Mid
3459,2023-04-28,Mid,Senior
3462,2020-10-22,Junior,Mid
3463,2020-06-05,Junior,Mid
3465,2015-10-15,Mid,Senior
3465,2018-08-26,Senior,Lead
3465,2022-01-06,Lead,Manager
3470,2015-04-21,Mid,Senior
3470,2023-06-22,Senior,Lead
3470,2025-11-08,Lead,Manager
3471,2025-03-07,Senior,Lead
3473,2025-12-12,Mid,Senior
3476,2023-11-28,Mid,Senior
3477,2021-04-14,Mid,Senior
3477,2023-07-08,Senior,Lead
3477,2024-09-14,Lead,Manager
3479,2020-01-11,Mid,Senior
3479,2021-04-25,Senior,Lead
3480,2016-05-14,Mid,Senior
3480,2019-01-01,Senior,Lead
3480,2021-04-10,Lead,Manager
3480,2025-02-01,Manager,Director
3482,2022-10-19,Senior,Lead
3485,2023-05-22,Mid,Senior
3486,2025-11-06,Manager,Director
3487,2025-11-11,Manager,Director
3489,2024-09-26,Mid,Senior
3491,2025-02-08,Senior,Lead
3494,2023-11-22,Mid,Senior
3495,2016-02-24,Mid,Senior
3495,2017-04-16,Senior,Lead
3497,2025-07-25,Mid,Senior
